Year,biweekly,Station,biwkmeanspeed_kph,biwkmeandir,meandisch_cfs,Salin_Top,Salin_Mid,Temp_Top,Temp_Mid,winddir_ew,wind_vector
2001,1,230,23.881100596271068,52.962555775447264,4656.636904761905,0.3153846153846154,0.3153846153846154,4.8,4.8076923076923075,0.7188285670099609,17.166417320238253
2001,2,218,16.038871753331467,296.8365406465457,5474.806547619048,6.822222222222222,6.877777777777778,9.2,9.155555555555555,-0.161437480184042,-2.5892750408528395
2001,2,220,16.102651050661894,301.14145351526366,5612.482638888889,6.8,6.871428571428571,9.785714285714286,9.67142857142857,-0.20166185226318534,-3.247290437224205
2001,2,230,15.814717691602242,330.67162284833984,5427.669270833333,1.0153846153846153,1.2692307692307694,11.815384615384616,11.692307692307692,-0.07314042723745037,-1.156695208603453
2001,3,218,18.966513911882938,246.82052480002181,4792.152777777778,13.2,13.416666666666666,6.857142857142857,6.521428571428571,-0.6880480110215352,-13.049872173083333
2001,3,220,18.966513911882938,246.82052480002181,4792.152777777778,10.418181818181818,10.763636363636364,7.071428571428571,6.942857142857143,-0.6880480110215352,-13.049872173083333
2001,3,230,18.966513911882938,246.82052480002181,4792.152777777778,3.39,6.68,8.026666666666667,7.3999999999999995,-0.6880480110215352,-13.049872173083333
2001,4,218,17.966408611758673,55.89863588595373,3501.2648809523807,10.653846153846153,10.692307692307692,2.8,2.792307692307692,0.5871615725096027,10.54918473283029
2001,4,220,17.554723938949497,59.75069773866296,3064.2147435897436,15.35,15.1,2.13,2.1222222222222222,0.7076850415417291,12.42321553998906
2001,4,230,19.66411950511154,60.89570416601076,3552.9375,7.444444444444445,9.11111111111111,2.8666666666666667,2.8666666666666667,0.6311188039005176,12.410395581822833
2002,1,214,13.661275579160286,71.378430336267,4497.135416666666,17.325,20.7,5.325,4.925,0.9050043745022757,12.363514160421168
2002,1,218,13.52572038212326,278.0326696449998,5233.541666666667,11.3,11.5,2.8,2.7,-0.009960636529554645,-0.13472478452671877
2002,1,220,12.40748985474884,78.13781321954204,5048.263888888889,13.85,13.850000000000001,7.65,7.55,0.3200359872951207,3.9708432655187393
2002,1,230,15.956413891549476,56.840124340541045,4468.073823339781,1.3900000000000001,2.71,7.76,6.88,0.2918978309784076,4.657642605137024
2002,2,214,13.632215547626258,51.52442330208383,3675.618984295846,9.930769230769231,16.507692307692306,8.6,8.430769230769231,0.5473866117601123,7.462092279398661
2002,2,218,14.794825479374143,40.027121322343845,3701.505152925532,16.225,18.10625,8.55625,8.2625,0.36792215048969595,5.443344006491082
2002,2,220,14.794825479374143,40.027121322343845,3701.505152925532,20.95625,21.86875,7.03125,6.66875,0.36792215048969595,5.443344006491082
2002,2,230,13.632215547626258,51.52442330208383,3675.618984295846,3.376923076923077,11.138461538461538,10.115384615384615,9.476923076923077,0.5473866117601123,7.462092279398661
2002,3,214,15.857241982552198,312.9086748097202,2429.22539893617,13.144444444444444,13.988888888888889,8.17,8.22,-0.2428829746933334,-3.8514541031542895
2002,3,218,15.438710777702251,306.2596284079491,2401.181294326241,17.28333333333333,17.066666666666666,7.207692307692308,7.223076923076923,-0.33633354860231285,-5.192556381709371
2002,3,220,15.438710777702251,306.2596284079491,2401.181294326241,17.963636363636365,17.9,7.3,7.241666666666667,-0.33633354860231285,-5.192556381709371
2002,3,230,15.438710777702251,306.2596284079491,2401.181294326241,7.291666666666667,12.733333333333333,7.383333333333333,7.216666666666667,-0.33633354860231285,-5.192556381709371
2002,4,214,10.512118781815362,248.19161209798358,3159.4444444444443,10.575,12.05,5.1375,4.975,-0.1639287412395717,-1.7232383996638523
2002,4,218,11.4947561080804,255.01869047582346,3903.984375,10.428571428571429,10.814285714285715,3.9857142857142858,3.942857142857143,-0.4222295657798845,-4.853425880260462
2002,4,220,13.613849419017576,261.67449259916094,6595.954861111111,9.57,10.41,3.7199999999999998,3.59,-0.45504784861452713,-6.194952889486078
2002,4,230,13.975776783333334,187.86310393247442,7972.986111111111,4.275,12.925,6.75,5.175,-0.0630135651663613,-0.8806635210870942
2003,1,214,16.195386279952793,299.052193583027,7860.305851063829,3.1999999999999997,3.1999999999999997,8.8,8.8,-0.46510564557107253,-7.532565591010335
2003,1,218,19.077520328480098,255.46089415,6897.604166666667,4.4,4.4,7,7,-0.6834330179045678,-13.038207292228895
2003,1,220,17.488028061849437,268.8925776500483,7305.458333333334,2.58,2.58,8.42,8.42,-0.7454229709419504,-13.035977833780008
2003,1,230,16.729551340028454,305.2156131735947,8675.315898345154,1.56,1.73,9.72,9.69,-0.44636889228476134,-7.4675513000695455
2003,2,214,16.063881486256445,34.891169057051655,5233.9125295508275,4.84,4.825,10.3,11.025,0.35356251070782707,5.679586269993809
2003,2,218,19.771274018155147,302.94853877453767,5934.608345997974,6.633333333333333,6.6461538461538465,9.416666666666666,9.192307692307692,-0.14018305246109922,-2.7715975429098108
2003,2,220,23.03391233794691,256.4312747825366,6450.250241779497,6.4,6.7125,7.7,7.625,-0.32081232304663426,-7.389562925989278
2003,2,230,20.37799661630939,304.7680650464262,5981.452792553191,2.444444444444444,2.776,11.266666666666667,10.92,-0.1623343126568643,-3.308048074032491
2003,3,214,18.295185340030216,77.79297476124297,8629.4570035461,12.316666666666666,12.816666666666666,5.516666666666667,5.433333333333334,0.3874790166378458,7.08900042476204
2003,3,218,17.80738254458696,47.8570633475122,7721.023936170212,17.244444444444444,17.4,5.588888888888889,5.555555555555555,0.11690066013174447,2.0816947746807193
2003,3,220,18.787981187150216,279.6546463846513,6926.492771412984,18.8,19.01818181818182,5.754545454545455,5.7272727272727275,-0.07693972298256166,-1.4455420679409174
2003,3,230,17.875773587155802,200.85113548490668,7174.481752364066,3.1222222222222222,6.075,6.566666666666666,6.4875,-0.008723334145494418,-0.15593634610996343
2003,4,214,14.982523751944793,23.437047042107228,7062.75462962963,8.085714285714285,10.7,4.728571428571429,4.7,0.198426126214864,2.9729241490205953
2003,4,218,15.752216978528816,46.18733187833793,6217.326388888889,14.263636363636364,15.027272727272727,4.381818181818182,4.4,0.3868633005873331,6.093954651881485
2003,4,220,15.275322590947162,40.26043502231681,6443.276515151515,17.68,17.85,4.18,4.1899999999999995,0.3320328890053232,5.071909490360465
2003,4,230,14.577451654601521,36.009005148682085,5352.161458333333,1.2,8.685714285714287,5.3,5.085714285714285,0.31443474952326633,4.583657359702154
2004,1,214,15.326468881199265,327.82404377873837,5845.785066981875,5.416666666666666,5.416666666666666,9.033333333333333,9,-0.2501813326205801,-3.834396409066284
2004,1,218,17.895929247912434,355.0907759167664,11572.083333333334,5.833333333333333,5.8,7.816666666666666,7.833333333333333,-0.01682750409299551,-0.3011438226672046
2004,1,220,16.966345031766068,44.102590381229234,9602.5,5,5,7.966666666666667,8,0.3002785102575103,5.094628810653626
2004,1,230,17.289880981906876,346.79986087002266,7216.949672667758,0.5,0.59,10.13,9.83,-0.07916499240837055,-1.3687532966742881
2004,2,214,17.157949942492028,60.94272189679104,5097.902777777777,7.1,9.935714285714285,7.430769230769231,7.207142857142857,0.7506622293012762,12.87982495407077
2004,2,218,17.416572678822188,58.36005052777364,5092.916666666667,11.45,11.666666666666668,8.541666666666666,8.491666666666667,0.7314667511544585,12.73964383362357
2004,2,220,17.252364555825363,59.44253115749646,5029,17.313333333333333,17.433333333333334,6.92,6.8,0.7463103247323631,12.875617794059139
2004,2,230,16.789664321086278,61.53470670373815,5122.421875,4.492857142857143,9.213333333333333,10.028571428571428,9.14,0.7621657633345293,12.796507323411236
2004,3,214,15.703442542248581,295.6258952770813,5252.25,18.711111111111112,19.677777777777777,9.577777777777778,9.244444444444445,-0.10931920918603635,-1.7166879202169751
2004,3,218,16.944374223526182,63.082360901815235,6543.390151515151,18.61,18.67,7.57,7.47,0.1704877030843621,2.88880744157085
2004,3,220,17.180704780180758,276.811128332044,5775.46875,21.33,21.35,7.2299999999999995,7.19,-0.25678400992724476,-4.411730266830997
2004,3,230,18.452607418939184,351.15111729774276,6367.740384615385,6.7,9.833333333333334,10.35,9.358333333333333,-0.00809819947795006,-0.14943289576687072
2004,4,214,14.096045801040146,55.39228315683567,3960.607638888889,13.071428571428571,14.842857142857143,7.888888888888889,7.766666666666667,0.396365793010425,5.587190372240549
2004,4,218,16.840774772031114,54.54465210321054,3932.138888888889,20.066666666666666,20.108333333333334,7.8538461538461535,7.846153846153846,0.47849808307814706,8.058278445967707
2004,4,220,15.871002986836242,57.53985596328867,4095.977564102564,21.18181818181818,21.31818181818182,7.390909090909091,6.709090909090909,0.557461857916892,8.847478812046273
2004,4,230,15.814258970304184,56.67769205535163,3890.5,4.253846153846154,8.86923076923077,9.253846153846155,8.661538461538461,0.4861694071960017,7.688408908836838
2005,1,214,20.2466070893777,78.78858275,5358.333333333333,2.5999999999999996,7.7,7.45,7.45,0.9789742488796331,19.82090696768459
2005,1,218,20.2466070893777,78.78858275,5358.333333333333,1.75,1.8,7.65,7.65,0.9789742488796331,19.82090696768459
2005,1,220,20.2466070893777,78.78858275,5358.333333333333,5.15,5.2,6.4,6.4,0.9789742488796331,19.82090696768459
2005,1,230,18.329915850227717,33.781374151735484,3347.96875,0.2857142857142857,0.35714285714285715,8.728571428571428,8.7,0.2537313428868271,4.6508741636808155
2005,2,214,23.706594926964996,61.98392188011974,3046.9444444444443,3.942857142857143,NA,6.133333333333334,6.014285714285714,0.8420962964899897,19.963235790385603
2005,2,218,25.091550484052522,63.47742854748145,2757.2135416666665,13.82857142857143,9.214285714285715,5.785714285714286,5.8,0.8588600818625318,21.550131102791198
2005,2,220,25.091550484052522,63.47742854748145,2757.2135416666665,14.478571428571428,10.514285714285714,5.825,5.914285714285715,0.8588600818625318,21.550131102791198
2005,2,230,25.091550484052522,63.47742854748145,2757.2135416666665,5.921428571428572,1.7,6.45,6.671428571428572,0.8588600818625318,21.550131102791198
2005,3,214,13.245516997553116,69.78436814713214,1535.3935185185185,NA,NA,8.5875,NA,0.5717314734088769,7.572878949073366
2005,3,218,14.148444932195074,100.74319313346346,1558.3035714285716,NA,NA,9.164285714285715,NA,0.18191409788480287,2.573801596313078
2005,3,220,14.55007458777839,95.77162694959014,1562.4583333333333,NA,NA,8.566666666666666,NA,0.23592594512172793,3.4327400987132526
2005,3,230,14.22430045119113,85.96115312996345,1564.330357142857,NA,NA,9.325,NA,0.30640315869438817,4.358370588462973
2005,4,214,13.766019560941745,44.88138677556716,1387.2767857142858,NA,NA,5.988888888888889,NA,0.5479336156192461,7.542864870712077
2005,4,218,13.61659354057287,45.94023623953875,1397.1314102564102,NA,NA,5.3,NA,0.5466774130343176,7.443884131100176
2005,4,220,12.401440031331093,41.557182182335126,1404.513888888889,NA,NA,5.7,NA,0.5089059395608313,6.311166491051855
2005,4,230,11.706402742743501,36.68392943432398,1401.3194444444443,NA,NA,5.5285714285714285,NA,0.47297400850294957,5.536824230385317
2006,1,214,18.45243069604832,59.13664125712207,4648.373462500428,6.5600000000000005,6.146,8.120000000000001,6.32,0.7718066109230276,14.241707998809098
2006,1,218,18.866607436460264,56.53238179352965,4323.834815546772,7.144444444444445,9.011111111111111,6.944444444444445,6.477777777777778,0.7462137223541169,14.078521363354875
2006,1,220,19.215100446391162,60.406747802710726,4360.038496376812,10.3625,10.44125,6.7625,6.7375,0.7689433606763547,14.775323912981744
2006,1,230,18.886950932787716,55.96217704291365,4661.854704807989,2.38,4.83,8.290000000000001,8.24,0.629844887697652,11.895849489212743
2006,2,214,15.693548227981623,47.44955458843931,5374.234752415459,9.963636363636363,10.445454545454545,9.727272727272727,9.618181818181817,0.19204313202521495,3.0138381542903527
2006,2,218,16.39355440686996,19.090856008308997,5183.626621624598,13.353846153846154,13.76153846153846,8.976923076923077,8.915384615384616,0.033211794040233195,0.5444593525483223
2006,2,220,15.732635879389044,58.57843644624246,5470.888669301713,15.14,15.98,10.06,8.7,0.17627816213333175,2.773320138331614
2006,2,230,16.39355440686996,19.090856008308997,5183.626621624598,5.042857142857143,5.885714285714285,10.542857142857143,10.757142857142856,0.033211794040233195,0.5444593525483223
2006,3,214,15.793130812712633,45.65179032000598,4632.146178482326,11.65,12.5,9.116666666666667,8.916666666666666,0.30907613194367095,4.881279782873625
2006,3,218,16.313717978660346,60.545779873814986,4801.476346489876,15.383333333333333,15.516666666666666,8.166666666666666,8.25,0.4693414959582389,7.656704800745263
2006,3,220,16.313717978660346,60.545779873814986,4801.476346489876,15.533333333333333,16.816666666666666,8,7.566666666666666,0.4693414959582389,7.656704800745263
2006,3,230,16.313717978660346,60.545779873814986,4801.476346489876,3.46,6.58,9.82,10.1,0.4693414959582389,7.656704800745263
2006,4,214,16.412427769890982,0.5463369715975809,3687.505417651694,NA,NA,NA,NA,0.006303569763864715,0.10345688344189838
2006,4,218,15.395917803085087,5.29456768437481,3677.4145645057997,NA,NA,NA,NA,0.06369315433574918,0.9806145687724069
2006,4,220,16.313151862469663,5.243612102331894,3761.487305992394,NA,NA,NA,NA,0.060723040310577195,0.9905841781373128
2006,4,230,15.395917803085087,5.29456768437481,3677.4145645057997,NA,NA,NA,NA,0.06369315433574918,0.9806145687724069
2007,1,214,19.92934377300462,44.88451169149156,2751.6092866687222,4.269230769230769,5.461538461538462,9.576923076923077,9.407692307692308,0.5460533824156826,10.882485576574094
2007,1,218,16.983384769235265,43.09899861073283,2660.086992730263,7.0600000000000005,6.97,9.13,9.07,0.5788016091275612,9.830010432865885
2007,1,220,17.19308374615879,48.34111732958315,2657.345692003289,8.86,8.9,8.37,8.34,0.6540791222847847,11.24563712605634
2007,1,230,19.544600315005333,46.775969151217865,2804.591572446637,2.86,3.04,9.78,9.75,0.5695935160997887,11.132477614188925
2007,2,214,18.086472714780147,62.72494781669811,3004.0600909651557,15.25,16.85,8.1875,8.03125,0.8359449594663029,15.119295700445283
2007,2,218,18.02570006636636,62.33030252669874,2949.9835414739437,19.642857142857142,20.571428571428573,9.178571428571429,8.978571428571428,0.8297412094728474,14.956666174661606
2007,2,220,18.02570006636636,62.33030252669874,2949.9835414739437,23.007142857142856,23.457142857142856,8.228571428571428,8.17142857142857,0.8297412094728474,14.956666174661606
2007,2,230,18.086472714780147,62.72494781669811,3004.0600909651557,10.18125,15.11875,9.65,9.825,0.8359449594663029,15.119295700445283
2007,3,214,13.760419236723342,63.62635655653809,4274.150202634245,16.52857142857143,18.585714285714285,8.4,8.721428571428572,0.5177417898071961,7.124344084118515
2007,3,218,13.291096814605954,64.92194072328067,4279.004705400982,21.983333333333334,21.983333333333334,8.225,8.25,0.49503625659744194,6.579574813176716
2007,3,220,13.760419236723342,63.62635655653809,4274.150202634245,25.607142857142858,26.06923076923077,7.764285714285714,7.7615384615384615,0.5177417898071961,7.124344084118515
2007,3,230,13.760419236723342,63.62635655653809,4274.150202634245,6.95,12.8,9.435714285714285,9.457142857142857,0.5177417898071961,7.124344084118515
2007,4,214,17.058917191663955,37.40825697681331,2134.6354166666665,10.866666666666667,13.222222222222223,6.411111111111111,6.688888888888889,0.4602193784065433,7.8508442662362805
2007,4,218,18.987009802323833,47.50631531396306,2248.940972222222,24.51,24.54,6.93,6.92,0.554439282636153,10.527144094206031
2007,4,220,18.08265274950191,41.144288569314135,2195.4326923076924,26.7,25.8,7.763636363636364,7.754545454545454,0.45470813010058214,8.222329218984164
2007,4,230,12.481370620499064,29.050729136512906,2036.3541666666667,14.257142857142858,17.885714285714286,8.371428571428572,8.414285714285715,0.3638843847594455,4.541775869194921
2008,1,214,16.207434327876456,45.408430402623026,5023.477564102564,7.38,9.57,10.01,10.049999999999999,0.534376876988509,8.660878140126975
2008,1,218,17.613130089552488,45.625994403552824,5484.880952380952,6.675,6.675,9.65,9.625,0.6032552206700591,10.625212678863443
2008,1,220,18.725312501411658,61.05413922888665,6458.828125,22.625,22.775,8.925,8.8125,0.650945089971992,12.189150230985078
2008,1,230,17.828645855110103,43.055870367934276,5844.895833333333,2.93,3.85,12.33,12.09,0.5306249851606957,9.460324942303098
2008,2,214,16.098650702805244,39.21459075797248,3902.8869047619046,10.266666666666667,10.716666666666667,8.8,8.525,0.4107273531311095,6.6121561921454735
2008,2,218,16.99610574585642,39.837086069547986,3685.2083333333335,19.78181818181818,20.054545454545455,8.563636363636364,8.554545454545455,0.3762471956892696,6.39473712451676
2008,2,220,16.335466551140147,33.03079799933847,3825.9583333333335,21.953846153846154,22.853846153846153,8.553846153846154,8.476923076923077,0.3213046368759776,5.248661148413763
2008,2,230,16.769329557082212,25.620008525658523,3956.847222222222,4.39,7.13,10.01,9.77,0.20637225197001471,3.4607243047223855
2008,3,214,12.986084785715834,35.883947564678884,3553.159722222222,11.72,17.24,7.58,7.680000000000001,0.5076414819424725,6.592275325251381
2008,3,218,12.168188322263353,15.576563792383977,3921.2760416666665,20.642857142857142,20.67142857142857,7.642857142857143,7.614285714285714,0.1925979839052252,2.3435685386470264
2008,3,220,14.8980062030259,23.97853817809292,3975.2236460348163,19.714285714285715,20.585714285714285,7.4,7.428571428571429,0.2308636170185827,3.439407598395841
2008,3,230,12.650862038524535,25.20175636022212,3782.440476190476,3.1333333333333333,3.1833333333333336,7.466666666666667,7.466666666666667,0.32696487601471447,4.136387537905432
2008,4,214,10.82599253110004,341.99087646432105,1614.212201805287,16.59,17.36,6.42,6.39,-0.2015482653178699,-2.1819600149874288
2008,4,218,11.00903303286589,357.5649316324322,1804.694518321513,19.754545454545454,20.136363636363637,6.554545454545455,6.527272727272727,-0.02791231777943581,-0.3072876284576587
2008,4,220,11.848087863460341,358.43343779519705,1819.94649189463,20.866666666666667,21.141666666666666,6.191666666666666,7.716666666666667,-0.017087261665861414,-0.20245137756306375
2008,4,230,10.869699804042892,0.9151424266468785,1713.9250886524824,4.122222222222223,6.788888888888889,6.4222222222222225,6.522222222222222,0.009842567155786814,0.10698575028453493
2009,1,214,17.16445325474728,69.20475828542672,7706.015563435776,13.25,13.15,7.8,7.416666666666667,0.7228007102038586,12.406479002792265
2009,1,218,13.581779133248723,72.18898650547135,10427.453014184397,13.275,19.325,10.05,8.7,0.5738230716378713,7.793538220547927
2009,1,220,36.1264734851913,78.11056137,5656.9658687943265,22.4,22.4,8.2,8.2,0.978359538944152,35.34467994264989
2009,1,230,18.66067211850468,66.31402372902818,7461.200748620961,0.14,0.14,9.26,9.3,0.7106819989367548,13.261803762682273
2009,2,214,25.012432175111428,64.56182803946194,3371.2673611111113,9.709999999999999,10.35,7.49,7.44,0.8953159408318475,22.394029245352662
2009,2,218,23.776312100133715,64.2671175696795,3307.9583333333335,21.025,21.1625,8.0125,7.9125,0.8935414092239924,21.24511942010294
2009,2,220,22.821250541171246,66.08083791222491,3507.9326923076924,24.36,24.85,6.52,6.46,0.9035559826269997,20.620277457504933
2009,2,230,21.321791687920076,64.45846366771484,3511.875,6.475,11.95,9.125,8.9,0.8955325733821041,19.094358979400223
2009,3,214,15.90860657621118,70.21981602995729,2678.068181818182,19.455555555555556,21.355555555555554,9.188888888888888,9.055555555555555,0.11762521006229101,1.8712531903251843
2009,3,218,15.81521105597498,77.17186613579976,2629.526515151515,24.275,24.2375,9.1625,9.05,0.29630531686120504,4.6861311231675
2009,3,220,15.482172507066,87.03031566383707,2673.8333333333335,28.7,29.225,7.5375000000000005,7.075,0.41079283387627963,6.359965518739067
2009,3,230,14.228675239102111,262.8986360397105,2783.6111111111113,9.857142857142858,21.814285714285713,9.971428571428572,9.528571428571428,-0.06948488946703682,-0.988677926251374
2009,4,214,16.495735,180.54945446196294,2258.125,26.799999999999997,28.85,8.45,8.75,-0.003127079697298194,-0.051583478010511226
2009,4,218,15.73046854244058,214.43306676476712,2766.648936170213,27.6,28.08,7.16,6.98,-0.34161464623662446,-5.373758446262189
2009,4,220,13.478222500000001,189.47596119999997,2366.041666666667,28,27.9,9.2,9.1,-0.16091563544589477,-2.1688567382686568
2009,4,230,16.05662259707883,252.74231850490364,2754.029255319149,13.2125,16.057142857142857,6.8,6.885714285714286,-0.18674502955720304,-2.9984944614803406
2010,1,214,15.752160316081426,342.41052048530474,6194.817708333333,0.725,0.75,8.8,8.8,-0.19193697924633635,-3.0234220676726835
2010,1,218,13.720350210888167,320.86969206835295,4247.361111111111,6.033333333333333,6.066666666666666,6.933333333333334,6.866666666666667,-0.5335014879716893,-7.319827253001518
2010,1,230,17.23493122137986,341.06249742343397,5433.979166666667,0.37777777777777777,0.37777777777777777,8.7,8.6,-0.18717348672701126,-3.225922170205895
2010,2,214,14.298590382432463,54.80021696029865,6187.326388888889,10.018583333333334,12.758333333333333,9.2,8.916666666666666,0.6012411317436729,8.59690066387289
2010,2,218,15.11429832530013,57.035687741535185,5635.972222222222,8.17142857142857,8.485714285714286,9.342857142857143,9.178571428571429,0.439291654924752,6.6395851243475015
2010,2,220,15.111981819110566,60.884276760777794,5640.892857142857,12.628571428571428,13.97857142857143,7.5,7.1571428571428575,0.43596236594969867,6.588255348048274
2010,2,230,14.871933205678712,55.65325186311115,5783.452380952381,1.8142857142857143,5.942857142857143,10.914285714285715,10.007142857142856,0.5209395386246497,7.7473780226228754
2010,3,214,21.585217895042597,54.814890668478455,9195.234375,5.3999999999999995,7.242857142857143,7.285714285714286,7.371428571428572,0.5700287154701387,12.304194029854182
2010,3,218,20.85920156833483,64.11952054382137,8689.823717948719,13.891666666666667,13.891666666666667,7.208333333333333,7.191666666666666,0.7071583923754585,14.7507594472993
2010,3,220,20.85920156833483,64.11952054382137,8689.823717948719,17.807692307692307,18.092307692307692,7.2846153846153845,7.323076923076923,0.7071583923754585,14.7507594472993
2010,3,230,19.974448452353016,63.375218832231745,8585.29356060606,4.62,6,9.68,9.57,0.6751010280624125,13.484770685163184
2010,4,214,14.481940741693894,35.83368702029066,6092.384259259259,6.442857142857143,7.985714285714286,7.3428571428571425,7.3428571428571425,0.3138893057935477,4.545726325953591
2010,4,218,15.292898639283992,35.687465630871465,6687.958333333333,16.240000000000002,16.22,7.3100000000000005,7.3100000000000005,0.45091028981011394,6.895725357476242
2010,4,220,15.504137431607612,39.77117129165953,6408.456439393939,18.354545454545455,18.454545454545453,7.027272727272727,6.554545454545455,0.4969331705845075,7.704520171066713
2010,4,230,15.929322791072194,48.42487929228103,6389.675925925926,2.2333333333333334,4.277777777777778,9.022222222222222,8.933333333333334,0.5600140519455977,8.920644600977697
2011,1,214,22.9566148845041,66.35717401647781,3755.416666666667,10.183333333333334,10.616666666666665,7.8,7.68,0.8992164340874399,20.642965375162422
2011,1,218,24.16807108156645,71.62735514994448,4340.924479166667,15.816666666666666,16.65714285714286,7.433333333333334,7.5,0.939464665120692,22.705048805256904
2011,1,220,24.75799777673555,68.62452220545424,4255.052083333333,20.057142857142857,21.04285714285714,NA,NA,0.9159764847007082,22.67774377176218
2011,1,230,26.317594618278598,75.63758921278037,6409.895833333334,15.7,17.475,9.233333333333333,8.933333333333334,0.966177722962678,25.427473642143244
2011,2,214,15.253706252873055,44.483931476882,3900.8055555555557,17.18,21.866666666666667,9.984615384615385,9.515384615384615,0.4145772857138459,6.32384013539243
2011,2,218,15.023903684639402,50.33877742375046,3821.6145833333335,22.625,23.386666666666667,10.22,10.007142857142856,0.445216322237435,6.688887144124603
2011,2,220,17.398756313181998,47.143072739044065,4310.716145833333,23.47142857142857,23.857142857142858,7.757142857142857,7.4,0.3424944082439346,5.95897674766369
2011,2,230,14.904364039329046,48.63816895624786,3992.8273809523807,9.618181818181817,13.141666666666667,10.725,9.8,0.5155986050917316,7.684669308457423
2011,3,214,17.716405234830574,61.43557008285014,3951.022727272727,14.627272727272727,16.39090909090909,10.225,10.2875,0.7483845004744847,13.258683081872224
2011,3,218,20.07967501526301,71.77455489737032,3836.4867424242425,23.581818181818182,23.90909090909091,10.2625,10.371428571428572,0.8438746203825654,16.944728130910356
2011,3,220,19.27587999601088,69.45065041926163,4255.587121212121,26.12727272727273,26.354545454545455,7.877777777777777,7.866666666666666,0.824991089010656,15.902429229547733
2011,3,230,17.638453481029767,63.36269498353968,4577.025462962963,8.622222222222222,15.1,9.185714285714285,9.028571428571428,0.7284441775057232,12.84862873846169
2011,4,214,17.27706377798534,55.5097037949684,1485.044642857143,15.783333333333333,19.46666666666667,NA,NA,0.7553027612448167,13.049413977715131
2011,4,218,15.521080626458797,53.03155752628206,1486.0286458333333,20,19.9,NA,NA,0.7357213216535997,11.419189951990347
2011,4,220,15.464865795292445,49.11297550373071,1528.6160714285713,22.7,22.771428571428572,7.214285714285714,6.4714285714285715,0.7004324407561258,10.83209369496261
2011,4,230,16.337587579291096,58.692451734416245,1451.0625,8.25,17.15,8.55,8.55,0.8295280393321938,13.552486992067344
2012,1,214,16.57082071787612,61.71043367279068,4685.708333333333,12.075,10.95,9.575,9.625,0.6132441254794604,10.161958459610865
2012,1,218,16.57082071787612,61.71043367279068,4685.708333333333,4.88,6.2,10.64,10.44,0.6132441254794604,10.161958459610865
2012,1,220,13.545278333869781,17.222623504999973,4019.0104166666665,17.549999999999997,22.3,6.3,6.75,0.11826030848830199,1.6018687943233536
2012,1,230,19.9364082608304,58.690478928317546,4915.894097222223,1.45,2.658333333333333,9.733333333333333,9.241666666666667,0.7315971071439097,14.585418610463465
2012,2,214,14.507230401517173,67.4728857199952,6008.739583333333,11.4625,14.5125,11.275,10.8125,0.33275279761623033,4.8273215017680675
2012,2,218,13.849555086691904,62.98594743504284,6461.118055555556,15.471428571428572,15.714285714285715,9.792857142857143,9.721428571428572,0.3614399090451172,5.0057819308492615
2012,2,220,13.849555086691904,62.98594743504284,6461.118055555556,16.053846153846152,17.384615384615383,9.546153846153846,8.8,0.3614399090451172,5.0057819308492615
2012,2,230,13.959773486607338,72.88835322442378,6404.17467948718,3.4384615384615382,6.523076923076923,12.346153846153847,11.976923076923077,0.4624555395037162,6.455774579098669
2012,3,214,15.782850649332815,349.67804610067935,5747.395833333333,16.433333333333334,16.4,10.655555555555555,10.533333333333333,-0.013338097462343941,-0.21051320019441944
2012,3,218,15.546106365737469,301.59660684126146,5942.073863636364,22.37272727272727,22.418181818181818,8.881818181818183,8.90909090909091,-0.21739804262821344,-3.3796930944013344
2012,3,220,15.298562456310611,322.46168281490793,5643.303571428572,21.18181818181818,22.07272727272727,9.090909090909092,8.945454545454545,-0.10931191391977166,-1.672315142320476
2012,3,230,15.086854066462848,55.28951465795404,4817.767857142857,4.585714285714285,12.728571428571428,10.871428571428572,10.7,0.2561580131672229,3.864618562608961
2012,4,214,12.053092290005386,160.16237199113246,2931.25,17.744444444444444,21.044444444444444,10.21111111111111,9.9,0.1661967256561858,2.0031844726307133
2012,4,218,13.25118518458668,159.4634475316752,2839.810606060606,21.71818181818182,23.672727272727272,9.99090909090909,9.363636363636363,0.15839847234107912,2.098967489947271
2012,4,220,12.1720131394541,184.3119567735781,2975.252976190476,24.057142857142857,24.52857142857143,8.114285714285714,7.457142857142857,-0.0381361988704967,-0.4641943137405204
2012,4,230,12.852752477135068,171.07745939702025,2863.3958333333335,10.975,19.225,10.7375,9.2625,0.0756693574162224,0.9725595209745712
2013,1,214,24.63385868927592,61.15827030842302,5046.291666666667,0.19,0.2,9.55,9.31,0.7753376268664979,19.099557536707852
2013,1,218,25.92381706163968,60.042949447445345,4808.270833333333,1.6099999999999999,1.58,7.3500000000000005,7.27,0.7727925176477638,20.033731854104584
2013,1,220,25.992491603477596,71.90144997145556,3989.0625,6.45,6.45,6.375,6.35,0.9478132338416885,24.636027522295034
2013,1,230,25.87664783732188,60.481462749148726,4963.552083333333,0.7,0.7,9.14,9.17,0.7710105094838469,19.951167432787628
2013,2,214,13.545139801721646,7.677201272302514,8015.104166666666,21.57,22.63,10.73,10.44,0.02845142560074797,0.38537853732041355
2013,2,218,15.540751499140283,318.8770702500832,7274.17467948718,19.861538461538462,19.6,9.76153846153846,9.576923076923077,-0.06700247141049523,-1.0412687580187576
2013,2,220,14.243848258271374,7.7049576545299034,7253.949652777777,23.03333333333333,25.075,8.425,7.2,0.008866305917654435,0.12629031610248329
2013,2,230,13.687336113210135,277.7978411036392,8298.506944444445,7.7555555555555555,10.622222222222222,11.433333333333334,10.777777777777779,-0.07494127641234283,-1.0257464390087228
2013,3,214,14.457360350800137,58.707759055527184,3916.3352272727275,12.027272727272727,13.01,12.672727272727272,12.52,0.5340400114124497,7.720808886735203
2013,3,218,14.2817345396365,56.7010627715864,3926.003787878788,16.763636363636365,17.68181818181818,11.7,11.481818181818182,0.5113762897363756,7.303340419879158
2013,3,220,14.409146832711386,51.31075432408368,3929.1746794871797,18.361538461538462,18.615384615384613,10.569230769230769,10.423076923076923,0.5138366938641173,7.403948369923037
2013,3,230,14.632043956743248,56.804343845282034,3750.1799242424245,3.0636363636363635,6.009090909090909,12.636363636363637,12.245454545454546,0.5328104156135665,7.796105421868343
2013,4,214,21.507082700961234,22.131335551149114,4872.447916666666,0.2,0.2,5.733333333333333,5.8,0.29454555414250244,6.334815592143255
2013,4,218,15.058839111602282,357.06204958254887,4255.539772727273,18.509090909090908,18.509090909090908,5.290909090909091,5.281818181818181,-0.025192262088659906,-0.3793662216504472
2013,4,220,16.28470352651277,330.49232330907745,4761.854166666666,19.14,19.7,5,4.74,-0.2925360342172917,-4.763862588050391
2013,4,230,15.766620055958864,5.092376939704133,4478.240740740741,3.9555555555555557,6.433333333333334,6.566666666666666,6.466666666666667,0.055287641282178064,0.8716992338862479
2014,1,214,21.687725590533745,44.69509191494809,8640.270833333334,4.58,5.19,9.879999999999999,9.57,0.3020645291429532,6.551092618686152
2014,1,218,20.947112659981382,4.5279745082395735,8048.113425925926,11.0125,11.3875,7.6875,7.6,0.024406812325138534,0.511252247445699
2014,1,220,22.501391953492263,319.8824322849109,8207.94642857143,10.142857142857142,10.157142857142857,7.814285714285714,7.8,-0.21499253696248033,-4.837631341268443
2014,1,230,21.045158167445003,34.03453057842274,8698.072916666666,0.51875,0.5625,10.14375,10.08125,0.24143322009857918,5.0810003038501605
2014,2,214,15.724211606263243,42.9335023845015,5340.775462962963,4.522222222222222,5.444444444444445,8.422222222222222,8.422222222222222,0.3507837553232285,5.515797996742115
2014,2,218,15.8683619993603,30.08634083314647,5773.076923076923,11.791666666666666,11.641666666666666,7.775,7.741666666666667,0.15925576308213935,2.527128099071747
2014,2,220,15.972544527129472,40.431419226754365,5751.935763888889,10.141666666666666,10.341666666666667,8.033333333333333,7.933333333333334,0.18331603028723945,2.928023456299547
2014,2,230,15.972544527129472,40.431419226754365,5751.935763888889,0.15833333333333333,0.17500000000000002,9.158333333333333,9.116666666666667,0.18331603028723945,2.928023456299547
2014,3,214,31.510198996535316,70.21505229385458,4237.351190476191,2.1666666666666665,2.1666666666666665,7.233333333333333,7.233333333333333,0.6715767017475209,21.161515513501232
2014,3,218,34.04674286333058,68.10054637523348,4723.833333333333,11.7,11.7,5.875,5.875,0.922766160902647,31.417182203235154
2014,3,220,33.17679710031805,61.90766427509485,5029.505208333333,11.533333333333333,13.383333333333333,5.566666666666666,5.233333333333333,0.6138507239562181,20.365600918578792
2014,3,230,30.819449421949624,56.22084286142588,5782.247023809524,1.9,1.9,7,6.9714285714285715,0.5450076880598109,16.796836876733042
2014,4,214,13.55542459090383,61.93944900067879,3714.0625,16.400000000000002,19.014285714285716,6.114285714285715,6.042857142857143,0.23320442638433633,3.1611850161178547
2014,4,218,12.569304198402802,70.38108500412952,3691.6666666666665,22.442857142857143,24.114285714285714,5.642857142857143,5.5285714285714285,0.19168937013732779,2.409402004856303
2014,4,220,14.867341696458766,75.37431052906494,3680.748106060606,22.483333333333334,26.666666666666668,3.8333333333333335,3.65,0.19377079324163687,2.8808565939172786
2014,4,230,13.494978596219754,61.94863768931021,3635.274621212121,5.428571428571429,13.1,6.357142857142857,6.1,0.442290401414114,5.968699500396912
2015,1,214,17.357108931990915,48.99873726553716,2823.9583333333335,5.6,11.7,6.58,6.3,0.7288153914834603,12.650128141290024
2015,1,218,21.919590136927898,58.59735294219342,2960.4166666666665,11.5125,11.55,9.3,9.3,0.8155188378500091,17.875838674615963
2015,1,220,16.953920178354743,48.16762075069738,2892.875,19.2,19.85,7.5,7.083333333333334,0.72343893504565715,12.265125958678032
2015,1,230,19.988841610910146,56.57434747795575,3090.8420138888887,4.523076923076923,5.2615384615384615,9.338461538461539,9.292307692307693,0.8022731488102273,16.036510900253777
2015,2,214,14.46702131413208,19.447356344701713,2907.0069444444443,8.733333333333333,12.133333333333333,8.173333333333334,8.38,0.2144773574690129,3.1028485019029346
2015,2,218,13.01995277282257,14.658138234056102,2844.8883928571427,15.735714285714286,15.742857142857144,8.285714285714286,8.285714285714286,0.16336700137159435,2.1270306424957983
2015,2,220,13.01995277282257,14.658138234056102,2844.8883928571427,18.22142857142857,18.771428571428572,8.042857142857143,8.007142857142856,0.16336700137159435,2.1270306424957983
2015,2,230,14.803365398330211,21.869868117449418,2944.1471354166665,2.43125,3.0875,8.475,8.4625,0.24601325466879267,3.6418241016946036
2015,3,214,14.049082129459268,35.34406264183332,2689.1145833333335,10.02,10.9,7.12,7.14,0.2947872799071899,4.1414907061360084
2015,3,218,14.700851873306664,8.30368006182577,2577.402777777778,17.133333333333333,18.346666666666668,7.64,7.586666666666667,0.05092875884625034,0.7486961398900827
2015,3,220,14.557431587081455,9.182691760669815,2606.2574404761904,18.764285714285716,18.935714285714287,8.3,8.278571428571428,0.048927404500332776,0.7122573437470556
2015,3,230,14.54160866425714,17.67057669622079,2585.379464285714,5.65,8.55,7.664285714285715,7.65,0.10212936908108558,1.4851253183046293
2015,4,214,21.506986754390333,79.28038507765076,4289.525462962963,2.2555555555555555,2.2444444444444445,4.811111111111111,4.811111111111111,0.6598546497550275,14.191485212104249
2015,4,218,21.578665498011222,77.06183265104036,4229.1796875,11.15,13.4625,4.8625,4.6875,0.6108866623969308,13.18211894505988
2015,4,220,23.99104736178217,67.88967486487287,3870.2678571428573,15.771428571428572,15.771428571428572,4.542857142857143,4.542857142857143,0.9146006877579631,21.94222841711984
2015,4,230,22.239343012546858,73.95295765781113,4163.25,4.77,5.8,4.36,4.34,0.6696996714647993,14.893680709095609
2016,1,214,15.443919458992436,63.40394408950056,6642.03125,11.675,12.183333333333334,9.791666666666666,9.633333333333333,0.6472282422859907,9.995740845450083
2016,1,218,14.936820887082657,62.75013572251838,6705.151515151515,12.9,13.781818181818181,10.618181818181819,10.245454545454546,0.6215197337094177,9.283528940204882
2016,1,220,13.480518303977,67.07101060164563,6720.611979166667,19.45,20.6375,9.7,9.15,0.7284765349824797,9.82024126384906
2016,1,230,15.092782454454557,58.15790283499767,6665.8733974358975,1.4923076923076923,3.8461538461538463,11.2,10.6,0.6049224277182373,9.129962603371867
2016,2,214,16.75686588960877,214.23000555,3035.677083333333,10.25,10.55,9.1,9.3,-0.5618436790475126,-9.414739180723561
2016,2,218,19.70349736326113,52.80817504532312,4069.7916666666665,16.318181818181817,16.272727272727273,7.663636363636364,7.672727272727273,0.03687885445587614,0.7266424115314464
2016,2,220,18.62069921410286,81.13886768510073,3976.2083333333335,17.02,17.38,7.4399999999999995,7.23,0.14016717042553767,2.610010720185831
2016,2,230,19.70349736326113,52.80817504532312,4069.7916666666665,3.727272727272727,6.9818181818181815,8.336363636363636,8.09090909090909,0.03687885445587614,0.7266424115314464
2016,3,214,16.25055870582207,46.60807322661335,4480.221354166667,6.8625,8.9125,7.5375,7.512499999999999,0.6421122945576524,10.434683538439243
2016,3,218,18.570650242855034,38.58146999434107,3881.875,16.961538461538463,16.953846153846154,7.6692307692307695,7.623076923076923,0.3221700196629394,5.982906753894177
2016,3,220,17.709350439070004,41.26885588006096,3898.653846153846,17.592307692307692,18.515384615384615,7.7615384615384615,7.423076923076923,0.3997807834398842,7.0798579927428635
2016,3,230,18.24634797565917,46.19267737446206,3923.28125,4.066666666666666,5.466666666666667,7.85,7.858333333333333,0.4278079482400566,7.8059326903408595
2016,4,214,15.986876914344725,28.125827281953633,4847.8125,4.775,4.825,6.225,6.225,0.25326286474462684,4.048882245646685
2016,4,218,18.565985399779812,74.66489565419636,4067.4198717948716,18.115384615384617,18.46153846153846,7.061538461538461,7,0.15019428357810063,2.7885048760414053
2016,4,220,16.351031256517956,42.80233993007668,4248.75,15.872727272727273,16.418181818181818,7.127272727272727,6.963636363636364,0.11480633626115638,1.8772019926524788
2016,4,230,16.851027621812747,68.85564580998177,4132.973484848485,2.2727272727272725,5.345454545454546,7.709090909090909,7.445454545454545,0.2570278186233513,4.331182871196369
2017,1,214,19.998166706592677,74.18622126710552,3639.0246212121215,3.0636363636363635,4.2272727272727275,11.909090909090908,11.5,0.6710256729642438,13.419283272342485
2017,1,218,22.77425790966975,57.74208835711906,3442.1484375,7.5125,8.0625,10.425,10.3375,0.693625214675246,15.796799531664098
2017,1,220,21.4308020853511,65.7901864443211,3495.3515625,9.775,11.3375,9.825,9.1375,0.6656392318804497,14.265182638675046
2017,1,230,19.482777953220808,70.77423449946124,3706.362847222222,4.541666666666666,5.8,11.65,11.45,0.6725832301675251,13.103789728413894
2017,2,214,19.106831991741778,55.94524051849345,5357.413194444444,9.583333333333334,9.916666666666666,11.066666666666666,10.925,0.3768814689030078,7.201010907130623
2017,2,218,20.31214480224802,63.14176327258676,5718.459821428572,21.05,21.414285714285715,9.82857142857143,9.642857142857142,0.24075010031599167,4.89015089877416
2017,2,220,19.277793364364438,67.8106499013909,5527.155448717949,23.884615384615383,25.161538461538463,9.276923076923076,8.669230769230769,0.335977963688475,6.47691375896636
2017,2,230,19.32002968565883,53.07346130611649,6089.479166666667,7.666666666666667,10.58,11.52,11.206666666666667,0.31393860638315324,6.065303194796884
2017,3,214,12.270635193657329,48.58858791257879,6102.336309523809,18.3,20.15714285714286,10.414285714285715,10.32857142857143,0.435330631943772,5.341783373206334
2017,3,218,16.312346706717207,32.58824936724249,5258.958333333333,25.758333333333333,25.625,10.208333333333334,10.1,0.11149251880131639,1.8187046218922596
2017,3,220,13.041151545137053,48.02510045121085,5773.657407407407,24.022222222222222,24.755555555555556,9.988888888888889,9.777777777777779,0.21936361330881124,2.8607541246490507
2017,3,230,18.012948461734673,31.25588894467661,5139.826388888889,6.213333333333333,8.626666666666667,10.973333333333333,10.806666666666667,0.12353422155135602,2.2252155660650885
2017,4,214,15.226083127746762,42.708049875980194,5237.916666666667,10.509090909090908,9.181818181818182,7.518181818181818,7.509090909090909,0.49896326119187917,7.597256092599172
2017,4,218,14.437159249643416,29.555301010457608,5190.010416666667,18.37,18.36,7.13,7.12,0.3827885815910963,5.52637971137578
2017,4,220,15.133751024869534,32.19905073387802,5275.677083333333,17.83,17.65,6.85,6.86,0.4007839284991905,6.065364188675862
2017,4,230,15.982560425611846,32.81160233699492,5151.388888888889,2.5416666666666665,2.1916666666666664,8.075,8.075,0.42568335229155096,6.803509900176728
2018,1,214,14.46461380967445,127.23733001993921,6903.90625,0.35000000000000003,0.375,11.675,11.7,0.34238985138554257,4.952536972643702
2018,1,220,15.2216741693489,213.86291465,6528.020833333333,1.8,2,10.5,10.2,-0.3121751665103147,-4.751828668382249
2018,1,230,14.378961495112096,43.86712285313188,7742.677083333333,0.19,0.19,9.5,9.41,0.24528394953510546,3.5269284657343
2018,2,214,16.287635923871,114.2224657941659,9360.982142857143,2.585714285714286,2.642857142857143,11.442857142857143,11.4,0.1889682539226079,3.0778461210610457
2018,2,218,15.834647530394209,269.56053773324095,8951.76282051282,4.758333333333333,4.775,10.175,10.166666666666666,-0.058318444198725915,-0.9234520084077877
2018,2,220,15.35277663280621,49.9897847065936,9049.036458333334,6.209090909090909,6.418181818181818,9.745454545454546,9.663636363636364,0.08240818772360568,1.2651944988348809
2018,2,230,15.875609239412855,0.9671288211609937,8878.052884615385,0.2,0.2,12.033333333333333,12.016666666666667,0.0013892168714858598,0.022054664200509135
2018,3,214,13.709802277837582,23.465508157183738,8577.44391025641,8.03076923076923,9.507692307692308,6.13076923076923,6.030769230769231,0.2210312036644508,3.03029409947207
2018,3,218,15.484604454125904,10.351497460858825,8193.048611111111,13.4,14.071428571428571,5.985714285714286,5.914285714285715,0.07369759973713472,1.1411781811480244
2018,3,220,13.817984715134898,15.664447222878104,8485.16369047619,14.6,14.884615384615385,5.446153846153846,5.392307692307693,0.13399148917310846,1.851492349352176
2018,3,230,13.817984715134898,15.664447222878104,8485.16369047619,1.8285714285714285,1.8857142857142857,7.214285714285714,7.207142857142857,0.13399148917310846,1.851492349352176
2018,4,214,15.654555281015039,65.44064512831491,6463.697916666667,6.833333333333333,8.85,4.366666666666667,4.216666666666667,0.3929389596754652,6.151284666304109
2018,4,218,20.015789663290473,27.796076096040416,6388.0952380952385,11.285714285714286,11.385714285714286,4.128571428571428,4.107142857142857,0.16775945516715496,3.357837968653982
2018,4,220,19.65055585047577,12.176388275152556,6393.415178571428,12.571428571428571,13.071428571428571,4.1,4.05,0.06484258193413865,1.2741927777858426
2018,4,230,20.228125672833876,55.24861965152072,5787.7734375,2.0625,2.2375,4.725,4.7125,0.6271198387332515,12.685458909823526
