Year,biweekly,Station,Species,pres.abs
2001,1,230,ARCH,0
2001,2,218,ARCH,0
2001,2,220,ARCH,0
2001,2,230,ARCH,0
2001,3,218,ARCH,0
2001,3,220,ARCH,0
2001,3,230,ARCH,0
2001,4,218,ARCH,0
2001,4,220,ARCH,0
2001,4,230,ARCH,0
2002,1,214,ARCH,0
2002,1,218,ARCH,0
2002,1,220,ARCH,0
2002,1,230,ARCH,0
2002,2,214,ARCH,0
2002,2,218,ARCH,0
2002,2,220,ARCH,0
2002,2,230,ARCH,0
2002,3,214,ARCH,0
2002,3,218,ARCH,0
2002,3,220,ARCH,0
2002,3,230,ARCH,0
2002,4,214,ARCH,0
2002,4,218,ARCH,0
2002,4,220,ARCH,0
2002,4,230,ARCH,0
2003,1,214,ARCH,0
2003,1,218,ARCH,0
2003,1,220,ARCH,0
2003,1,230,ARCH,0
2003,2,214,ARCH,0
2003,2,218,ARCH,0
2003,2,220,ARCH,0
2003,2,230,ARCH,0
2003,3,214,ARCH,0
2003,3,218,ARCH,0
2003,3,220,ARCH,0
2003,3,230,ARCH,0
2003,4,214,ARCH,0
2003,4,218,ARCH,0
2003,4,220,ARCH,0
2003,4,230,ARCH,0
2004,1,214,ARCH,0
2004,1,218,ARCH,0
2004,1,220,ARCH,0
2004,1,230,ARCH,0
2004,2,214,ARCH,0
2004,2,218,ARCH,0
2004,2,220,ARCH,0
2004,2,230,ARCH,0
2004,3,214,ARCH,0
2004,3,218,ARCH,0
2004,3,220,ARCH,0
2004,3,230,ARCH,0
2004,4,214,ARCH,0
2004,4,218,ARCH,0
2004,4,220,ARCH,0
2004,4,230,ARCH,0
2005,1,214,ARCH,0
2005,1,218,ARCH,0
2005,1,220,ARCH,0
2005,1,230,ARCH,0
2005,2,214,ARCH,0
2005,2,218,ARCH,0
2005,2,220,ARCH,0
2005,2,230,ARCH,0
2005,3,214,ARCH,0
2005,3,218,ARCH,0
2005,3,220,ARCH,0
2005,3,230,ARCH,0
2005,4,214,ARCH,0
2005,4,218,ARCH,0
2005,4,220,ARCH,0
2005,4,230,ARCH,0
2006,1,214,ARCH,0
2006,1,218,ARCH,0
2006,1,220,ARCH,0
2006,1,230,ARCH,0
2006,2,214,ARCH,0
2006,2,218,ARCH,0
2006,2,220,ARCH,0
2006,2,230,ARCH,0
2006,3,214,ARCH,0
2006,3,218,ARCH,0
2006,3,220,ARCH,0
2006,3,230,ARCH,0
2006,4,214,ARCH,0
2006,4,218,ARCH,0
2006,4,220,ARCH,0
2006,4,230,ARCH,0
2007,1,214,ARCH,0
2007,1,218,ARCH,0
2007,1,220,ARCH,0
2007,1,230,ARCH,0
2007,2,214,ARCH,0
2007,2,218,ARCH,0
2007,2,220,ARCH,0
2007,2,230,ARCH,0
2007,3,214,ARCH,0
2007,3,218,ARCH,0
2007,3,220,ARCH,0
2007,3,230,ARCH,0
2007,4,214,ARCH,0
2007,4,218,ARCH,0
2007,4,220,ARCH,0
2007,4,230,ARCH,0
2008,1,214,ARCH,0
2008,1,218,ARCH,0
2008,1,220,ARCH,0
2008,1,230,ARCH,0
2008,2,214,ARCH,0
2008,2,218,ARCH,0
2008,2,220,ARCH,0
2008,2,230,ARCH,0
2008,3,214,ARCH,0
2008,3,218,ARCH,0
2008,3,220,ARCH,0
2008,3,230,ARCH,0
2008,4,214,ARCH,0
2008,4,218,ARCH,0
2008,4,220,ARCH,0
2008,4,230,ARCH,0
2009,1,214,ARCH,0
2009,1,218,ARCH,0
2009,1,220,ARCH,0
2009,1,230,ARCH,0
2009,2,214,ARCH,0
2009,2,218,ARCH,0
2009,2,220,ARCH,0
2009,2,230,ARCH,0
2009,3,214,ARCH,0
2009,3,218,ARCH,0
2009,3,220,ARCH,0
2009,3,230,ARCH,0
2009,4,214,ARCH,0
2009,4,218,ARCH,0
2009,4,220,ARCH,0
2009,4,230,ARCH,0
2010,1,214,ARCH,0
2010,1,218,ARCH,0
2010,1,230,ARCH,0
2010,2,214,ARCH,0
2010,2,218,ARCH,0
2010,2,220,ARCH,0
2010,2,230,ARCH,0
2010,3,214,ARCH,0
2010,3,218,ARCH,0
2010,3,220,ARCH,0
2010,3,230,ARCH,0
2010,4,214,ARCH,0
2010,4,218,ARCH,0
2010,4,220,ARCH,0
2010,4,230,ARCH,0
2011,1,214,ARCH,0
2011,1,218,ARCH,0
2011,1,220,ARCH,0
2011,1,230,ARCH,0
2011,2,214,ARCH,0
2011,2,218,ARCH,0
2011,2,220,ARCH,0
2011,2,230,ARCH,0
2011,3,214,ARCH,0
2011,3,218,ARCH,0
2011,3,220,ARCH,0
2011,3,230,ARCH,0
2011,4,214,ARCH,0
2011,4,218,ARCH,0
2011,4,220,ARCH,0
2011,4,230,ARCH,0
2012,1,214,ARCH,0
2012,1,218,ARCH,0
2012,1,220,ARCH,0
2012,1,230,ARCH,0
2012,2,214,ARCH,0
2012,2,218,ARCH,0
2012,2,220,ARCH,0
2012,2,230,ARCH,0
2012,3,214,ARCH,0
2012,3,218,ARCH,0
2012,3,220,ARCH,0
2012,3,230,ARCH,0
2012,4,214,ARCH,0
2012,4,218,ARCH,0
2012,4,220,ARCH,0
2012,4,230,ARCH,0
2013,1,214,ARCH,0
2013,1,218,ARCH,0
2013,1,220,ARCH,0
2013,1,230,ARCH,0
2013,2,214,ARCH,0
2013,2,218,ARCH,0
2013,2,220,ARCH,0
2013,2,230,ARCH,0
2013,3,214,ARCH,0
2013,3,218,ARCH,0
2013,3,220,ARCH,0
2013,3,230,ARCH,0
2013,4,214,ARCH,0
2013,4,218,ARCH,0
2013,4,220,ARCH,0
2013,4,230,ARCH,0
2014,1,214,ARCH,0
2014,1,218,ARCH,0
2014,1,220,ARCH,0
2014,1,230,ARCH,0
2014,2,214,ARCH,0
2014,2,218,ARCH,0
2014,2,220,ARCH,0
2014,2,230,ARCH,0
2014,3,214,ARCH,0
2014,3,218,ARCH,0
2014,3,220,ARCH,0
2014,3,230,ARCH,0
2014,4,214,ARCH,0
2014,4,218,ARCH,0
2014,4,220,ARCH,0
2014,4,230,ARCH,0
2015,1,214,ARCH,0
2015,1,218,ARCH,0
2015,1,220,ARCH,0
2015,1,230,ARCH,0
2015,2,214,ARCH,0
2015,2,218,ARCH,0
2015,2,220,ARCH,0
2015,2,230,ARCH,0
2015,3,214,ARCH,0
2015,3,218,ARCH,0
2015,3,220,ARCH,0
2015,3,230,ARCH,0
2015,4,214,ARCH,0
2015,4,218,ARCH,0
2015,4,220,ARCH,0
2015,4,230,ARCH,0
2016,1,214,ARCH,0
2016,1,218,ARCH,0
2016,1,220,ARCH,0
2016,1,230,ARCH,0
2016,2,214,ARCH,0
2016,2,218,ARCH,0
2016,2,220,ARCH,0
2016,2,230,ARCH,0
2016,3,214,ARCH,0
2016,3,218,ARCH,0
2016,3,220,ARCH,0
2016,3,230,ARCH,0
2016,4,214,ARCH,0
2016,4,218,ARCH,0
2016,4,220,ARCH,0
2016,4,230,ARCH,0
2017,1,214,ARCH,0
2017,1,218,ARCH,0
2017,1,220,ARCH,0
2017,1,230,ARCH,0
2017,2,214,ARCH,0
2017,2,218,ARCH,0
2017,2,220,ARCH,0
2017,2,230,ARCH,0
2017,3,214,ARCH,0
2017,3,218,ARCH,0
2017,3,220,ARCH,0
2017,3,230,ARCH,0
2017,4,214,ARCH,1
2017,4,218,ARCH,0
2017,4,220,ARCH,0
2017,4,230,ARCH,0
2018,1,214,ARCH,0
2018,1,220,ARCH,0
2018,1,230,ARCH,0
2018,2,214,ARCH,0
2018,2,218,ARCH,0
2018,2,220,ARCH,0
2018,2,230,ARCH,0
2018,3,214,ARCH,0
2018,3,218,ARCH,0
2018,3,220,ARCH,0
2018,3,230,ARCH,0
2018,4,214,ARCH,0
2018,4,218,ARCH,0
2018,4,220,ARCH,0
2018,4,230,ARCH,0
2001,1,230,BRBT,0
2001,2,218,BRBT,0
2001,2,220,BRBT,0
2001,2,230,BRBT,0
2001,3,218,BRBT,0
2001,3,220,BRBT,0
2001,3,230,BRBT,0
2001,4,218,BRBT,0
2001,4,220,BRBT,0
2001,4,230,BRBT,0
2002,1,214,BRBT,0
2002,1,218,BRBT,0
2002,1,220,BRBT,0
2002,1,230,BRBT,0
2002,2,214,BRBT,0
2002,2,218,BRBT,0
2002,2,220,BRBT,0
2002,2,230,BRBT,0
2002,3,214,BRBT,0
2002,3,218,BRBT,0
2002,3,220,BRBT,0
2002,3,230,BRBT,0
2002,4,214,BRBT,0
2002,4,218,BRBT,0
2002,4,220,BRBT,0
2002,4,230,BRBT,0
2003,1,214,BRBT,0
2003,1,218,BRBT,0
2003,1,220,BRBT,0
2003,1,230,BRBT,0
2003,2,214,BRBT,0
2003,2,218,BRBT,0
2003,2,220,BRBT,0
2003,2,230,BRBT,0
2003,3,214,BRBT,0
2003,3,218,BRBT,0
2003,3,220,BRBT,0
2003,3,230,BRBT,0
2003,4,214,BRBT,0
2003,4,218,BRBT,0
2003,4,220,BRBT,0
2003,4,230,BRBT,0
2004,1,214,BRBT,0
2004,1,218,BRBT,0
2004,1,220,BRBT,0
2004,1,230,BRBT,0
2004,2,214,BRBT,0
2004,2,218,BRBT,0
2004,2,220,BRBT,0
2004,2,230,BRBT,0
2004,3,214,BRBT,0
2004,3,218,BRBT,0
2004,3,220,BRBT,0
2004,3,230,BRBT,0
2004,4,214,BRBT,0
2004,4,218,BRBT,0
2004,4,220,BRBT,0
2004,4,230,BRBT,0
2005,1,214,BRBT,0
2005,1,218,BRBT,0
2005,1,220,BRBT,0
2005,1,230,BRBT,0
2005,2,214,BRBT,0
2005,2,218,BRBT,1
2005,2,220,BRBT,1
2005,2,230,BRBT,0
2005,3,214,BRBT,0
2005,3,218,BRBT,0
2005,3,220,BRBT,0
2005,3,230,BRBT,0
2005,4,214,BRBT,0
2005,4,218,BRBT,0
2005,4,220,BRBT,0
2005,4,230,BRBT,0
2006,1,214,BRBT,0
2006,1,218,BRBT,0
2006,1,220,BRBT,0
2006,1,230,BRBT,0
2006,2,214,BRBT,0
2006,2,218,BRBT,0
2006,2,220,BRBT,0
2006,2,230,BRBT,0
2006,3,214,BRBT,0
2006,3,218,BRBT,0
2006,3,220,BRBT,0
2006,3,230,BRBT,0
2006,4,214,BRBT,0
2006,4,218,BRBT,0
2006,4,220,BRBT,0
2006,4,230,BRBT,0
2007,1,214,BRBT,0
2007,1,218,BRBT,0
2007,1,220,BRBT,0
2007,1,230,BRBT,0
2007,2,214,BRBT,0
2007,2,218,BRBT,0
2007,2,220,BRBT,0
2007,2,230,BRBT,0
2007,3,214,BRBT,0
2007,3,218,BRBT,0
2007,3,220,BRBT,0
2007,3,230,BRBT,0
2007,4,214,BRBT,0
2007,4,218,BRBT,0
2007,4,220,BRBT,0
2007,4,230,BRBT,0
2008,1,214,BRBT,0
2008,1,218,BRBT,0
2008,1,220,BRBT,0
2008,1,230,BRBT,0
2008,2,214,BRBT,0
2008,2,218,BRBT,0
2008,2,220,BRBT,0
2008,2,230,BRBT,0
2008,3,214,BRBT,0
2008,3,218,BRBT,0
2008,3,220,BRBT,0
2008,3,230,BRBT,0
2008,4,214,BRBT,0
2008,4,218,BRBT,0
2008,4,220,BRBT,0
2008,4,230,BRBT,0
2009,1,214,BRBT,0
2009,1,218,BRBT,0
2009,1,220,BRBT,0
2009,1,230,BRBT,0
2009,2,214,BRBT,0
2009,2,218,BRBT,0
2009,2,220,BRBT,0
2009,2,230,BRBT,0
2009,3,214,BRBT,0
2009,3,218,BRBT,0
2009,3,220,BRBT,0
2009,3,230,BRBT,0
2009,4,214,BRBT,0
2009,4,218,BRBT,0
2009,4,220,BRBT,0
2009,4,230,BRBT,0
2010,1,214,BRBT,0
2010,1,218,BRBT,0
2010,1,230,BRBT,0
2010,2,214,BRBT,0
2010,2,218,BRBT,0
2010,2,220,BRBT,0
2010,2,230,BRBT,0
2010,3,214,BRBT,0
2010,3,218,BRBT,0
2010,3,220,BRBT,0
2010,3,230,BRBT,0
2010,4,214,BRBT,0
2010,4,218,BRBT,0
2010,4,220,BRBT,0
2010,4,230,BRBT,0
2011,1,214,BRBT,0
2011,1,218,BRBT,0
2011,1,220,BRBT,0
2011,1,230,BRBT,0
2011,2,214,BRBT,0
2011,2,218,BRBT,0
2011,2,220,BRBT,0
2011,2,230,BRBT,0
2011,3,214,BRBT,0
2011,3,218,BRBT,0
2011,3,220,BRBT,0
2011,3,230,BRBT,0
2011,4,214,BRBT,0
2011,4,218,BRBT,0
2011,4,220,BRBT,0
2011,4,230,BRBT,0
2012,1,214,BRBT,0
2012,1,218,BRBT,0
2012,1,220,BRBT,0
2012,1,230,BRBT,0
2012,2,214,BRBT,0
2012,2,218,BRBT,0
2012,2,220,BRBT,0
2012,2,230,BRBT,0
2012,3,214,BRBT,0
2012,3,218,BRBT,0
2012,3,220,BRBT,0
2012,3,230,BRBT,0
2012,4,214,BRBT,0
2012,4,218,BRBT,0
2012,4,220,BRBT,0
2012,4,230,BRBT,0
2013,1,214,BRBT,1
2013,1,218,BRBT,0
2013,1,220,BRBT,0
2013,1,230,BRBT,0
2013,2,214,BRBT,0
2013,2,218,BRBT,0
2013,2,220,BRBT,0
2013,2,230,BRBT,0
2013,3,214,BRBT,0
2013,3,218,BRBT,0
2013,3,220,BRBT,0
2013,3,230,BRBT,0
2013,4,214,BRBT,0
2013,4,218,BRBT,0
2013,4,220,BRBT,0
2013,4,230,BRBT,0
2014,1,214,BRBT,1
2014,1,218,BRBT,0
2014,1,220,BRBT,0
2014,1,230,BRBT,0
2014,2,214,BRBT,0
2014,2,218,BRBT,0
2014,2,220,BRBT,0
2014,2,230,BRBT,0
2014,3,214,BRBT,1
2014,3,218,BRBT,0
2014,3,220,BRBT,0
2014,3,230,BRBT,1
2014,4,214,BRBT,0
2014,4,218,BRBT,0
2014,4,220,BRBT,0
2014,4,230,BRBT,0
2015,1,214,BRBT,0
2015,1,218,BRBT,0
2015,1,220,BRBT,0
2015,1,230,BRBT,1
2015,2,214,BRBT,0
2015,2,218,BRBT,0
2015,2,220,BRBT,0
2015,2,230,BRBT,0
2015,3,214,BRBT,0
2015,3,218,BRBT,0
2015,3,220,BRBT,0
2015,3,230,BRBT,0
2015,4,214,BRBT,0
2015,4,218,BRBT,0
2015,4,220,BRBT,0
2015,4,230,BRBT,0
2016,1,214,BRBT,0
2016,1,218,BRBT,0
2016,1,220,BRBT,0
2016,1,230,BRBT,0
2016,2,214,BRBT,0
2016,2,218,BRBT,0
2016,2,220,BRBT,0
2016,2,230,BRBT,1
2016,3,214,BRBT,0
2016,3,218,BRBT,0
2016,3,220,BRBT,0
2016,3,230,BRBT,0
2016,4,214,BRBT,0
2016,4,218,BRBT,0
2016,4,220,BRBT,0
2016,4,230,BRBT,0
2017,1,214,BRBT,1
2017,1,218,BRBT,0
2017,1,220,BRBT,0
2017,1,230,BRBT,0
2017,2,214,BRBT,1
2017,2,218,BRBT,0
2017,2,220,BRBT,0
2017,2,230,BRBT,0
2017,3,214,BRBT,0
2017,3,218,BRBT,0
2017,3,220,BRBT,0
2017,3,230,BRBT,0
2017,4,214,BRBT,0
2017,4,218,BRBT,0
2017,4,220,BRBT,0
2017,4,230,BRBT,0
2018,1,214,BRBT,0
2018,1,220,BRBT,0
2018,1,230,BRBT,0
2018,2,214,BRBT,1
2018,2,218,BRBT,0
2018,2,220,BRBT,0
2018,2,230,BRBT,0
2018,3,214,BRBT,1
2018,3,218,BRBT,0
2018,3,220,BRBT,0
2018,3,230,BRBT,0
2018,4,214,BRBT,0
2018,4,218,BRBT,0
2018,4,220,BRBT,0
2018,4,230,BRBT,1
2001,1,230,BRCS,0
2001,2,218,BRCS,0
2001,2,220,BRCS,1
2001,2,230,BRCS,0
2001,3,218,BRCS,1
2001,3,220,BRCS,1
2001,3,230,BRCS,1
2001,4,218,BRCS,1
2001,4,220,BRCS,1
2001,4,230,BRCS,0
2002,1,214,BRCS,0
2002,1,218,BRCS,0
2002,1,220,BRCS,0
2002,1,230,BRCS,0
2002,2,214,BRCS,0
2002,2,218,BRCS,1
2002,2,220,BRCS,0
2002,2,230,BRCS,0
2002,3,214,BRCS,0
2002,3,218,BRCS,0
2002,3,220,BRCS,0
2002,3,230,BRCS,0
2002,4,214,BRCS,0
2002,4,218,BRCS,0
2002,4,220,BRCS,0
2002,4,230,BRCS,0
2003,1,214,BRCS,0
2003,1,218,BRCS,0
2003,1,220,BRCS,0
2003,1,230,BRCS,0
2003,2,214,BRCS,0
2003,2,218,BRCS,0
2003,2,220,BRCS,0
2003,2,230,BRCS,0
2003,3,214,BRCS,0
2003,3,218,BRCS,0
2003,3,220,BRCS,0
2003,3,230,BRCS,0
2003,4,214,BRCS,0
2003,4,218,BRCS,0
2003,4,220,BRCS,0
2003,4,230,BRCS,0
2004,1,214,BRCS,0
2004,1,218,BRCS,0
2004,1,220,BRCS,0
2004,1,230,BRCS,0
2004,2,214,BRCS,0
2004,2,218,BRCS,0
2004,2,220,BRCS,0
2004,2,230,BRCS,0
2004,3,214,BRCS,0
2004,3,218,BRCS,0
2004,3,220,BRCS,0
2004,3,230,BRCS,0
2004,4,214,BRCS,0
2004,4,218,BRCS,0
2004,4,220,BRCS,0
2004,4,230,BRCS,0
2005,1,214,BRCS,0
2005,1,218,BRCS,0
2005,1,220,BRCS,0
2005,1,230,BRCS,0
2005,2,214,BRCS,0
2005,2,218,BRCS,0
2005,2,220,BRCS,0
2005,2,230,BRCS,0
2005,3,214,BRCS,0
2005,3,218,BRCS,0
2005,3,220,BRCS,0
2005,3,230,BRCS,0
2005,4,214,BRCS,0
2005,4,218,BRCS,0
2005,4,220,BRCS,0
2005,4,230,BRCS,0
2006,1,214,BRCS,0
2006,1,218,BRCS,0
2006,1,220,BRCS,0
2006,1,230,BRCS,0
2006,2,214,BRCS,0
2006,2,218,BRCS,0
2006,2,220,BRCS,0
2006,2,230,BRCS,0
2006,3,214,BRCS,0
2006,3,218,BRCS,0
2006,3,220,BRCS,0
2006,3,230,BRCS,0
2006,4,214,BRCS,0
2006,4,218,BRCS,0
2006,4,220,BRCS,0
2006,4,230,BRCS,0
2007,1,214,BRCS,0
2007,1,218,BRCS,1
2007,1,220,BRCS,0
2007,1,230,BRCS,0
2007,2,214,BRCS,0
2007,2,218,BRCS,0
2007,2,220,BRCS,1
2007,2,230,BRCS,0
2007,3,214,BRCS,0
2007,3,218,BRCS,0
2007,3,220,BRCS,0
2007,3,230,BRCS,0
2007,4,214,BRCS,0
2007,4,218,BRCS,0
2007,4,220,BRCS,1
2007,4,230,BRCS,0
2008,1,214,BRCS,0
2008,1,218,BRCS,0
2008,1,220,BRCS,0
2008,1,230,BRCS,0
2008,2,214,BRCS,0
2008,2,218,BRCS,1
2008,2,220,BRCS,1
2008,2,230,BRCS,0
2008,3,214,BRCS,0
2008,3,218,BRCS,0
2008,3,220,BRCS,0
2008,3,230,BRCS,0
2008,4,214,BRCS,1
2008,4,218,BRCS,0
2008,4,220,BRCS,0
2008,4,230,BRCS,0
2009,1,214,BRCS,0
2009,1,218,BRCS,0
2009,1,220,BRCS,0
2009,1,230,BRCS,0
2009,2,214,BRCS,0
2009,2,218,BRCS,1
2009,2,220,BRCS,1
2009,2,230,BRCS,0
2009,3,214,BRCS,0
2009,3,218,BRCS,1
2009,3,220,BRCS,1
2009,3,230,BRCS,0
2009,4,214,BRCS,0
2009,4,218,BRCS,0
2009,4,220,BRCS,0
2009,4,230,BRCS,0
2010,1,214,BRCS,0
2010,1,218,BRCS,0
2010,1,230,BRCS,0
2010,2,214,BRCS,1
2010,2,218,BRCS,1
2010,2,220,BRCS,0
2010,2,230,BRCS,1
2010,3,214,BRCS,0
2010,3,218,BRCS,0
2010,3,220,BRCS,1
2010,3,230,BRCS,0
2010,4,214,BRCS,0
2010,4,218,BRCS,1
2010,4,220,BRCS,1
2010,4,230,BRCS,1
2011,1,214,BRCS,0
2011,1,218,BRCS,0
2011,1,220,BRCS,0
2011,1,230,BRCS,0
2011,2,214,BRCS,0
2011,2,218,BRCS,0
2011,2,220,BRCS,0
2011,2,230,BRCS,0
2011,3,214,BRCS,0
2011,3,218,BRCS,0
2011,3,220,BRCS,0
2011,3,230,BRCS,0
2011,4,214,BRCS,0
2011,4,218,BRCS,1
2011,4,220,BRCS,1
2011,4,230,BRCS,0
2012,1,214,BRCS,0
2012,1,218,BRCS,0
2012,1,220,BRCS,0
2012,1,230,BRCS,0
2012,2,214,BRCS,0
2012,2,218,BRCS,0
2012,2,220,BRCS,1
2012,2,230,BRCS,0
2012,3,214,BRCS,0
2012,3,218,BRCS,0
2012,3,220,BRCS,0
2012,3,230,BRCS,0
2012,4,214,BRCS,0
2012,4,218,BRCS,0
2012,4,220,BRCS,0
2012,4,230,BRCS,0
2013,1,214,BRCS,0
2013,1,218,BRCS,0
2013,1,220,BRCS,0
2013,1,230,BRCS,0
2013,2,214,BRCS,0
2013,2,218,BRCS,0
2013,2,220,BRCS,0
2013,2,230,BRCS,0
2013,3,214,BRCS,0
2013,3,218,BRCS,0
2013,3,220,BRCS,0
2013,3,230,BRCS,0
2013,4,214,BRCS,0
2013,4,218,BRCS,0
2013,4,220,BRCS,0
2013,4,230,BRCS,0
2014,1,214,BRCS,0
2014,1,218,BRCS,0
2014,1,220,BRCS,0
2014,1,230,BRCS,0
2014,2,214,BRCS,0
2014,2,218,BRCS,0
2014,2,220,BRCS,0
2014,2,230,BRCS,0
2014,3,214,BRCS,0
2014,3,218,BRCS,0
2014,3,220,BRCS,0
2014,3,230,BRCS,0
2014,4,214,BRCS,0
2014,4,218,BRCS,0
2014,4,220,BRCS,0
2014,4,230,BRCS,0
2015,1,214,BRCS,0
2015,1,218,BRCS,0
2015,1,220,BRCS,0
2015,1,230,BRCS,0
2015,2,214,BRCS,0
2015,2,218,BRCS,0
2015,2,220,BRCS,0
2015,2,230,BRCS,0
2015,3,214,BRCS,0
2015,3,218,BRCS,0
2015,3,220,BRCS,0
2015,3,230,BRCS,0
2015,4,214,BRCS,0
2015,4,218,BRCS,1
2015,4,220,BRCS,0
2015,4,230,BRCS,0
2016,1,214,BRCS,0
2016,1,218,BRCS,0
2016,1,220,BRCS,0
2016,1,230,BRCS,0
2016,2,214,BRCS,0
2016,2,218,BRCS,0
2016,2,220,BRCS,0
2016,2,230,BRCS,0
2016,3,214,BRCS,0
2016,3,218,BRCS,0
2016,3,220,BRCS,0
2016,3,230,BRCS,0
2016,4,214,BRCS,0
2016,4,218,BRCS,0
2016,4,220,BRCS,0
2016,4,230,BRCS,0
2017,1,214,BRCS,0
2017,1,218,BRCS,0
2017,1,220,BRCS,0
2017,1,230,BRCS,0
2017,2,214,BRCS,0
2017,2,218,BRCS,0
2017,2,220,BRCS,0
2017,2,230,BRCS,0
2017,3,214,BRCS,0
2017,3,218,BRCS,0
2017,3,220,BRCS,0
2017,3,230,BRCS,0
2017,4,214,BRCS,0
2017,4,218,BRCS,0
2017,4,220,BRCS,0
2017,4,230,BRCS,0
2018,1,214,BRCS,0
2018,1,220,BRCS,0
2018,1,230,BRCS,0
2018,2,214,BRCS,0
2018,2,218,BRCS,0
2018,2,220,BRCS,0
2018,2,230,BRCS,0
2018,3,214,BRCS,0
2018,3,218,BRCS,0
2018,3,220,BRCS,0
2018,3,230,BRCS,0
2018,4,214,BRCS,0
2018,4,218,BRCS,0
2018,4,220,BRCS,0
2018,4,230,BRCS,0
2001,1,230,CHUM,0
2001,2,218,CHUM,0
2001,2,220,CHUM,1
2001,2,230,CHUM,0
2001,3,218,CHUM,0
2001,3,220,CHUM,0
2001,3,230,CHUM,0
2001,4,218,CHUM,0
2001,4,220,CHUM,1
2001,4,230,CHUM,0
2002,1,214,CHUM,0
2002,1,218,CHUM,0
2002,1,220,CHUM,0
2002,1,230,CHUM,0
2002,2,214,CHUM,0
2002,2,218,CHUM,0
2002,2,220,CHUM,0
2002,2,230,CHUM,0
2002,3,214,CHUM,1
2002,3,218,CHUM,0
2002,3,220,CHUM,0
2002,3,230,CHUM,1
2002,4,214,CHUM,1
2002,4,218,CHUM,0
2002,4,220,CHUM,0
2002,4,230,CHUM,0
2003,1,214,CHUM,0
2003,1,218,CHUM,0
2003,1,220,CHUM,0
2003,1,230,CHUM,0
2003,2,214,CHUM,0
2003,2,218,CHUM,0
2003,2,220,CHUM,0
2003,2,230,CHUM,0
2003,3,214,CHUM,1
2003,3,218,CHUM,0
2003,3,220,CHUM,0
2003,3,230,CHUM,0
2003,4,214,CHUM,0
2003,4,218,CHUM,1
2003,4,220,CHUM,1
2003,4,230,CHUM,0
2004,1,214,CHUM,0
2004,1,218,CHUM,0
2004,1,220,CHUM,0
2004,1,230,CHUM,0
2004,2,214,CHUM,0
2004,2,218,CHUM,0
2004,2,220,CHUM,0
2004,2,230,CHUM,0
2004,3,214,CHUM,0
2004,3,218,CHUM,0
2004,3,220,CHUM,0
2004,3,230,CHUM,0
2004,4,214,CHUM,0
2004,4,218,CHUM,0
2004,4,220,CHUM,0
2004,4,230,CHUM,1
2005,1,214,CHUM,0
2005,1,218,CHUM,0
2005,1,220,CHUM,0
2005,1,230,CHUM,0
2005,2,214,CHUM,0
2005,2,218,CHUM,0
2005,2,220,CHUM,0
2005,2,230,CHUM,0
2005,3,214,CHUM,0
2005,3,218,CHUM,0
2005,3,220,CHUM,0
2005,3,230,CHUM,0
2005,4,214,CHUM,1
2005,4,218,CHUM,0
2005,4,220,CHUM,0
2005,4,230,CHUM,0
2006,1,214,CHUM,0
2006,1,218,CHUM,0
2006,1,220,CHUM,0
2006,1,230,CHUM,0
2006,2,214,CHUM,0
2006,2,218,CHUM,0
2006,2,220,CHUM,0
2006,2,230,CHUM,0
2006,3,214,CHUM,0
2006,3,218,CHUM,0
2006,3,220,CHUM,0
2006,3,230,CHUM,0
2006,4,214,CHUM,0
2006,4,218,CHUM,0
2006,4,220,CHUM,0
2006,4,230,CHUM,0
2007,1,214,CHUM,0
2007,1,218,CHUM,0
2007,1,220,CHUM,0
2007,1,230,CHUM,0
2007,2,214,CHUM,0
2007,2,218,CHUM,0
2007,2,220,CHUM,0
2007,2,230,CHUM,0
2007,3,214,CHUM,0
2007,3,218,CHUM,0
2007,3,220,CHUM,1
2007,3,230,CHUM,0
2007,4,214,CHUM,0
2007,4,218,CHUM,0
2007,4,220,CHUM,0
2007,4,230,CHUM,0
2008,1,214,CHUM,0
2008,1,218,CHUM,0
2008,1,220,CHUM,0
2008,1,230,CHUM,0
2008,2,214,CHUM,0
2008,2,218,CHUM,0
2008,2,220,CHUM,0
2008,2,230,CHUM,0
2008,3,214,CHUM,0
2008,3,218,CHUM,0
2008,3,220,CHUM,1
2008,3,230,CHUM,0
2008,4,214,CHUM,0
2008,4,218,CHUM,1
2008,4,220,CHUM,1
2008,4,230,CHUM,0
2009,1,214,CHUM,0
2009,1,218,CHUM,0
2009,1,220,CHUM,0
2009,1,230,CHUM,0
2009,2,214,CHUM,0
2009,2,218,CHUM,0
2009,2,220,CHUM,0
2009,2,230,CHUM,0
2009,3,214,CHUM,0
2009,3,218,CHUM,0
2009,3,220,CHUM,1
2009,3,230,CHUM,0
2009,4,214,CHUM,0
2009,4,218,CHUM,0
2009,4,220,CHUM,0
2009,4,230,CHUM,1
2010,1,214,CHUM,0
2010,1,218,CHUM,0
2010,1,230,CHUM,0
2010,2,214,CHUM,0
2010,2,218,CHUM,0
2010,2,220,CHUM,0
2010,2,230,CHUM,0
2010,3,214,CHUM,0
2010,3,218,CHUM,0
2010,3,220,CHUM,0
2010,3,230,CHUM,0
2010,4,214,CHUM,0
2010,4,218,CHUM,0
2010,4,220,CHUM,0
2010,4,230,CHUM,0
2011,1,214,CHUM,0
2011,1,218,CHUM,0
2011,1,220,CHUM,0
2011,1,230,CHUM,0
2011,2,214,CHUM,0
2011,2,218,CHUM,1
2011,2,220,CHUM,0
2011,2,230,CHUM,0
2011,3,214,CHUM,0
2011,3,218,CHUM,1
2011,3,220,CHUM,0
2011,3,230,CHUM,0
2011,4,214,CHUM,1
2011,4,218,CHUM,0
2011,4,220,CHUM,0
2011,4,230,CHUM,0
2012,1,214,CHUM,0
2012,1,218,CHUM,0
2012,1,220,CHUM,0
2012,1,230,CHUM,0
2012,2,214,CHUM,0
2012,2,218,CHUM,0
2012,2,220,CHUM,0
2012,2,230,CHUM,0
2012,3,214,CHUM,0
2012,3,218,CHUM,0
2012,3,220,CHUM,0
2012,3,230,CHUM,0
2012,4,214,CHUM,0
2012,4,218,CHUM,0
2012,4,220,CHUM,0
2012,4,230,CHUM,0
2013,1,214,CHUM,0
2013,1,218,CHUM,0
2013,1,220,CHUM,0
2013,1,230,CHUM,0
2013,2,214,CHUM,0
2013,2,218,CHUM,0
2013,2,220,CHUM,0
2013,2,230,CHUM,0
2013,3,214,CHUM,0
2013,3,218,CHUM,0
2013,3,220,CHUM,0
2013,3,230,CHUM,0
2013,4,214,CHUM,0
2013,4,218,CHUM,0
2013,4,220,CHUM,0
2013,4,230,CHUM,0
2014,1,214,CHUM,0
2014,1,218,CHUM,0
2014,1,220,CHUM,0
2014,1,230,CHUM,0
2014,2,214,CHUM,0
2014,2,218,CHUM,0
2014,2,220,CHUM,0
2014,2,230,CHUM,0
2014,3,214,CHUM,0
2014,3,218,CHUM,0
2014,3,220,CHUM,0
2014,3,230,CHUM,0
2014,4,214,CHUM,0
2014,4,218,CHUM,0
2014,4,220,CHUM,0
2014,4,230,CHUM,0
2015,1,214,CHUM,0
2015,1,218,CHUM,0
2015,1,220,CHUM,0
2015,1,230,CHUM,0
2015,2,214,CHUM,1
2015,2,218,CHUM,0
2015,2,220,CHUM,0
2015,2,230,CHUM,0
2015,3,214,CHUM,0
2015,3,218,CHUM,0
2015,3,220,CHUM,0
2015,3,230,CHUM,0
2015,4,214,CHUM,0
2015,4,218,CHUM,0
2015,4,220,CHUM,0
2015,4,230,CHUM,0
2016,1,214,CHUM,0
2016,1,218,CHUM,0
2016,1,220,CHUM,0
2016,1,230,CHUM,0
2016,2,214,CHUM,0
2016,2,218,CHUM,0
2016,2,220,CHUM,0
2016,2,230,CHUM,0
2016,3,214,CHUM,1
2016,3,218,CHUM,0
2016,3,220,CHUM,1
2016,3,230,CHUM,0
2016,4,214,CHUM,0
2016,4,218,CHUM,1
2016,4,220,CHUM,0
2016,4,230,CHUM,0
2017,1,214,CHUM,0
2017,1,218,CHUM,1
2017,1,220,CHUM,0
2017,1,230,CHUM,0
2017,2,214,CHUM,0
2017,2,218,CHUM,0
2017,2,220,CHUM,0
2017,2,230,CHUM,1
2017,3,214,CHUM,0
2017,3,218,CHUM,0
2017,3,220,CHUM,0
2017,3,230,CHUM,0
2017,4,214,CHUM,0
2017,4,218,CHUM,0
2017,4,220,CHUM,0
2017,4,230,CHUM,0
2018,1,214,CHUM,0
2018,1,220,CHUM,0
2018,1,230,CHUM,0
2018,2,214,CHUM,0
2018,2,218,CHUM,0
2018,2,220,CHUM,0
2018,2,230,CHUM,0
2018,3,214,CHUM,0
2018,3,218,CHUM,0
2018,3,220,CHUM,0
2018,3,230,CHUM,0
2018,4,214,CHUM,0
2018,4,218,CHUM,1
2018,4,220,CHUM,0
2018,4,230,CHUM,0
2001,1,230,ELPT,0
2001,2,218,ELPT,0
2001,2,220,ELPT,0
2001,2,230,ELPT,0
2001,3,218,ELPT,0
2001,3,220,ELPT,1
2001,3,230,ELPT,0
2001,4,218,ELPT,0
2001,4,220,ELPT,0
2001,4,230,ELPT,0
2002,1,214,ELPT,0
2002,1,218,ELPT,0
2002,1,220,ELPT,0
2002,1,230,ELPT,0
2002,2,214,ELPT,0
2002,2,218,ELPT,0
2002,2,220,ELPT,0
2002,2,230,ELPT,0
2002,3,214,ELPT,0
2002,3,218,ELPT,0
2002,3,220,ELPT,0
2002,3,230,ELPT,0
2002,4,214,ELPT,0
2002,4,218,ELPT,0
2002,4,220,ELPT,0
2002,4,230,ELPT,0
2003,1,214,ELPT,0
2003,1,218,ELPT,0
2003,1,220,ELPT,0
2003,1,230,ELPT,0
2003,2,214,ELPT,0
2003,2,218,ELPT,0
2003,2,220,ELPT,0
2003,2,230,ELPT,0
2003,3,214,ELPT,0
2003,3,218,ELPT,0
2003,3,220,ELPT,0
2003,3,230,ELPT,0
2003,4,214,ELPT,0
2003,4,218,ELPT,0
2003,4,220,ELPT,0
2003,4,230,ELPT,0
2004,1,214,ELPT,0
2004,1,218,ELPT,0
2004,1,220,ELPT,0
2004,1,230,ELPT,0
2004,2,214,ELPT,0
2004,2,218,ELPT,0
2004,2,220,ELPT,0
2004,2,230,ELPT,0
2004,3,214,ELPT,0
2004,3,218,ELPT,0
2004,3,220,ELPT,0
2004,3,230,ELPT,0
2004,4,214,ELPT,0
2004,4,218,ELPT,0
2004,4,220,ELPT,0
2004,4,230,ELPT,0
2005,1,214,ELPT,0
2005,1,218,ELPT,0
2005,1,220,ELPT,0
2005,1,230,ELPT,0
2005,2,214,ELPT,0
2005,2,218,ELPT,0
2005,2,220,ELPT,0
2005,2,230,ELPT,0
2005,3,214,ELPT,0
2005,3,218,ELPT,0
2005,3,220,ELPT,0
2005,3,230,ELPT,0
2005,4,214,ELPT,0
2005,4,218,ELPT,0
2005,4,220,ELPT,0
2005,4,230,ELPT,0
2006,1,214,ELPT,0
2006,1,218,ELPT,0
2006,1,220,ELPT,0
2006,1,230,ELPT,0
2006,2,214,ELPT,0
2006,2,218,ELPT,0
2006,2,220,ELPT,0
2006,2,230,ELPT,0
2006,3,214,ELPT,0
2006,3,218,ELPT,0
2006,3,220,ELPT,0
2006,3,230,ELPT,0
2006,4,214,ELPT,0
2006,4,218,ELPT,0
2006,4,220,ELPT,0
2006,4,230,ELPT,0
2007,1,214,ELPT,0
2007,1,218,ELPT,0
2007,1,220,ELPT,0
2007,1,230,ELPT,0
2007,2,214,ELPT,0
2007,2,218,ELPT,0
2007,2,220,ELPT,0
2007,2,230,ELPT,0
2007,3,214,ELPT,0
2007,3,218,ELPT,0
2007,3,220,ELPT,0
2007,3,230,ELPT,0
2007,4,214,ELPT,0
2007,4,218,ELPT,0
2007,4,220,ELPT,0
2007,4,230,ELPT,0
2008,1,214,ELPT,0
2008,1,218,ELPT,0
2008,1,220,ELPT,0
2008,1,230,ELPT,0
2008,2,214,ELPT,0
2008,2,218,ELPT,0
2008,2,220,ELPT,0
2008,2,230,ELPT,0
2008,3,214,ELPT,0
2008,3,218,ELPT,0
2008,3,220,ELPT,0
2008,3,230,ELPT,0
2008,4,214,ELPT,0
2008,4,218,ELPT,0
2008,4,220,ELPT,0
2008,4,230,ELPT,0
2009,1,214,ELPT,0
2009,1,218,ELPT,0
2009,1,220,ELPT,0
2009,1,230,ELPT,0
2009,2,214,ELPT,0
2009,2,218,ELPT,0
2009,2,220,ELPT,0
2009,2,230,ELPT,0
2009,3,214,ELPT,0
2009,3,218,ELPT,0
2009,3,220,ELPT,0
2009,3,230,ELPT,0
2009,4,214,ELPT,0
2009,4,218,ELPT,0
2009,4,220,ELPT,0
2009,4,230,ELPT,0
2010,1,214,ELPT,0
2010,1,218,ELPT,0
2010,1,230,ELPT,0
2010,2,214,ELPT,0
2010,2,218,ELPT,0
2010,2,220,ELPT,0
2010,2,230,ELPT,0
2010,3,214,ELPT,0
2010,3,218,ELPT,0
2010,3,220,ELPT,0
2010,3,230,ELPT,0
2010,4,214,ELPT,0
2010,4,218,ELPT,0
2010,4,220,ELPT,0
2010,4,230,ELPT,0
2011,1,214,ELPT,0
2011,1,218,ELPT,0
2011,1,220,ELPT,0
2011,1,230,ELPT,0
2011,2,214,ELPT,0
2011,2,218,ELPT,0
2011,2,220,ELPT,0
2011,2,230,ELPT,0
2011,3,214,ELPT,0
2011,3,218,ELPT,0
2011,3,220,ELPT,0
2011,3,230,ELPT,0
2011,4,214,ELPT,0
2011,4,218,ELPT,0
2011,4,220,ELPT,0
2011,4,230,ELPT,0
2012,1,214,ELPT,0
2012,1,218,ELPT,0
2012,1,220,ELPT,0
2012,1,230,ELPT,0
2012,2,214,ELPT,0
2012,2,218,ELPT,0
2012,2,220,ELPT,0
2012,2,230,ELPT,0
2012,3,214,ELPT,0
2012,3,218,ELPT,0
2012,3,220,ELPT,0
2012,3,230,ELPT,0
2012,4,214,ELPT,0
2012,4,218,ELPT,0
2012,4,220,ELPT,0
2012,4,230,ELPT,0
2013,1,214,ELPT,0
2013,1,218,ELPT,0
2013,1,220,ELPT,0
2013,1,230,ELPT,0
2013,2,214,ELPT,0
2013,2,218,ELPT,0
2013,2,220,ELPT,0
2013,2,230,ELPT,0
2013,3,214,ELPT,0
2013,3,218,ELPT,0
2013,3,220,ELPT,0
2013,3,230,ELPT,0
2013,4,214,ELPT,0
2013,4,218,ELPT,0
2013,4,220,ELPT,0
2013,4,230,ELPT,0
2014,1,214,ELPT,0
2014,1,218,ELPT,0
2014,1,220,ELPT,0
2014,1,230,ELPT,0
2014,2,214,ELPT,0
2014,2,218,ELPT,0
2014,2,220,ELPT,0
2014,2,230,ELPT,0
2014,3,214,ELPT,0
2014,3,218,ELPT,0
2014,3,220,ELPT,0
2014,3,230,ELPT,0
2014,4,214,ELPT,0
2014,4,218,ELPT,0
2014,4,220,ELPT,0
2014,4,230,ELPT,0
2015,1,214,ELPT,0
2015,1,218,ELPT,0
2015,1,220,ELPT,0
2015,1,230,ELPT,0
2015,2,214,ELPT,0
2015,2,218,ELPT,0
2015,2,220,ELPT,0
2015,2,230,ELPT,0
2015,3,214,ELPT,0
2015,3,218,ELPT,0
2015,3,220,ELPT,0
2015,3,230,ELPT,0
2015,4,214,ELPT,0
2015,4,218,ELPT,0
2015,4,220,ELPT,0
2015,4,230,ELPT,0
2016,1,214,ELPT,0
2016,1,218,ELPT,0
2016,1,220,ELPT,0
2016,1,230,ELPT,0
2016,2,214,ELPT,0
2016,2,218,ELPT,0
2016,2,220,ELPT,0
2016,2,230,ELPT,0
2016,3,214,ELPT,0
2016,3,218,ELPT,0
2016,3,220,ELPT,0
2016,3,230,ELPT,0
2016,4,214,ELPT,0
2016,4,218,ELPT,0
2016,4,220,ELPT,0
2016,4,230,ELPT,0
2017,1,214,ELPT,0
2017,1,218,ELPT,0
2017,1,220,ELPT,0
2017,1,230,ELPT,0
2017,2,214,ELPT,0
2017,2,218,ELPT,0
2017,2,220,ELPT,0
2017,2,230,ELPT,0
2017,3,214,ELPT,0
2017,3,218,ELPT,0
2017,3,220,ELPT,0
2017,3,230,ELPT,0
2017,4,214,ELPT,0
2017,4,218,ELPT,0
2017,4,220,ELPT,0
2017,4,230,ELPT,0
2018,1,214,ELPT,0
2018,1,220,ELPT,0
2018,1,230,ELPT,0
2018,2,214,ELPT,0
2018,2,218,ELPT,0
2018,2,220,ELPT,0
2018,2,230,ELPT,0
2018,3,214,ELPT,0
2018,3,218,ELPT,0
2018,3,220,ELPT,0
2018,3,230,ELPT,0
2018,4,214,ELPT,0
2018,4,218,ELPT,0
2018,4,220,ELPT,0
2018,4,230,ELPT,0
2001,1,230,KPGL,0
2001,2,218,KPGL,0
2001,2,220,KPGL,0
2001,2,230,KPGL,0
2001,3,218,KPGL,0
2001,3,220,KPGL,0
2001,3,230,KPGL,0
2001,4,218,KPGL,0
2001,4,220,KPGL,0
2001,4,230,KPGL,0
2002,1,214,KPGL,0
2002,1,218,KPGL,0
2002,1,220,KPGL,0
2002,1,230,KPGL,0
2002,2,214,KPGL,0
2002,2,218,KPGL,0
2002,2,220,KPGL,0
2002,2,230,KPGL,0
2002,3,214,KPGL,0
2002,3,218,KPGL,0
2002,3,220,KPGL,0
2002,3,230,KPGL,0
2002,4,214,KPGL,0
2002,4,218,KPGL,0
2002,4,220,KPGL,0
2002,4,230,KPGL,0
2003,1,214,KPGL,0
2003,1,218,KPGL,0
2003,1,220,KPGL,0
2003,1,230,KPGL,0
2003,2,214,KPGL,0
2003,2,218,KPGL,0
2003,2,220,KPGL,0
2003,2,230,KPGL,0
2003,3,214,KPGL,0
2003,3,218,KPGL,0
2003,3,220,KPGL,0
2003,3,230,KPGL,0
2003,4,214,KPGL,0
2003,4,218,KPGL,0
2003,4,220,KPGL,0
2003,4,230,KPGL,0
2004,1,214,KPGL,0
2004,1,218,KPGL,0
2004,1,220,KPGL,0
2004,1,230,KPGL,0
2004,2,214,KPGL,0
2004,2,218,KPGL,0
2004,2,220,KPGL,0
2004,2,230,KPGL,0
2004,3,214,KPGL,0
2004,3,218,KPGL,0
2004,3,220,KPGL,0
2004,3,230,KPGL,0
2004,4,214,KPGL,0
2004,4,218,KPGL,0
2004,4,220,KPGL,0
2004,4,230,KPGL,0
2005,1,214,KPGL,0
2005,1,218,KPGL,0
2005,1,220,KPGL,0
2005,1,230,KPGL,0
2005,2,214,KPGL,0
2005,2,218,KPGL,0
2005,2,220,KPGL,0
2005,2,230,KPGL,0
2005,3,214,KPGL,0
2005,3,218,KPGL,0
2005,3,220,KPGL,0
2005,3,230,KPGL,0
2005,4,214,KPGL,0
2005,4,218,KPGL,0
2005,4,220,KPGL,0
2005,4,230,KPGL,0
2006,1,214,KPGL,0
2006,1,218,KPGL,0
2006,1,220,KPGL,0
2006,1,230,KPGL,0
2006,2,214,KPGL,0
2006,2,218,KPGL,0
2006,2,220,KPGL,0
2006,2,230,KPGL,0
2006,3,214,KPGL,0
2006,3,218,KPGL,0
2006,3,220,KPGL,0
2006,3,230,KPGL,0
2006,4,214,KPGL,0
2006,4,218,KPGL,0
2006,4,220,KPGL,0
2006,4,230,KPGL,0
2007,1,214,KPGL,0
2007,1,218,KPGL,0
2007,1,220,KPGL,0
2007,1,230,KPGL,0
2007,2,214,KPGL,0
2007,2,218,KPGL,0
2007,2,220,KPGL,0
2007,2,230,KPGL,0
2007,3,214,KPGL,0
2007,3,218,KPGL,0
2007,3,220,KPGL,0
2007,3,230,KPGL,0
2007,4,214,KPGL,0
2007,4,218,KPGL,0
2007,4,220,KPGL,0
2007,4,230,KPGL,0
2008,1,214,KPGL,0
2008,1,218,KPGL,0
2008,1,220,KPGL,0
2008,1,230,KPGL,0
2008,2,214,KPGL,0
2008,2,218,KPGL,0
2008,2,220,KPGL,0
2008,2,230,KPGL,0
2008,3,214,KPGL,0
2008,3,218,KPGL,0
2008,3,220,KPGL,0
2008,3,230,KPGL,0
2008,4,214,KPGL,0
2008,4,218,KPGL,0
2008,4,220,KPGL,0
2008,4,230,KPGL,0
2009,1,214,KPGL,0
2009,1,218,KPGL,0
2009,1,220,KPGL,0
2009,1,230,KPGL,0
2009,2,214,KPGL,0
2009,2,218,KPGL,0
2009,2,220,KPGL,0
2009,2,230,KPGL,0
2009,3,214,KPGL,0
2009,3,218,KPGL,0
2009,3,220,KPGL,0
2009,3,230,KPGL,0
2009,4,214,KPGL,0
2009,4,218,KPGL,0
2009,4,220,KPGL,0
2009,4,230,KPGL,0
2010,1,214,KPGL,0
2010,1,218,KPGL,0
2010,1,230,KPGL,0
2010,2,214,KPGL,0
2010,2,218,KPGL,0
2010,2,220,KPGL,0
2010,2,230,KPGL,0
2010,3,214,KPGL,0
2010,3,218,KPGL,0
2010,3,220,KPGL,0
2010,3,230,KPGL,0
2010,4,214,KPGL,0
2010,4,218,KPGL,0
2010,4,220,KPGL,0
2010,4,230,KPGL,0
2011,1,214,KPGL,0
2011,1,218,KPGL,0
2011,1,220,KPGL,0
2011,1,230,KPGL,0
2011,2,214,KPGL,0
2011,2,218,KPGL,0
2011,2,220,KPGL,0
2011,2,230,KPGL,0
2011,3,214,KPGL,0
2011,3,218,KPGL,0
2011,3,220,KPGL,0
2011,3,230,KPGL,0
2011,4,214,KPGL,0
2011,4,218,KPGL,0
2011,4,220,KPGL,0
2011,4,230,KPGL,0
2012,1,214,KPGL,0
2012,1,218,KPGL,0
2012,1,220,KPGL,0
2012,1,230,KPGL,0
2012,2,214,KPGL,0
2012,2,218,KPGL,0
2012,2,220,KPGL,0
2012,2,230,KPGL,0
2012,3,214,KPGL,0
2012,3,218,KPGL,0
2012,3,220,KPGL,0
2012,3,230,KPGL,0
2012,4,214,KPGL,0
2012,4,218,KPGL,0
2012,4,220,KPGL,0
2012,4,230,KPGL,0
2013,1,214,KPGL,0
2013,1,218,KPGL,0
2013,1,220,KPGL,0
2013,1,230,KPGL,0
2013,2,214,KPGL,0
2013,2,218,KPGL,0
2013,2,220,KPGL,0
2013,2,230,KPGL,0
2013,3,214,KPGL,0
2013,3,218,KPGL,0
2013,3,220,KPGL,0
2013,3,230,KPGL,0
2013,4,214,KPGL,0
2013,4,218,KPGL,0
2013,4,220,KPGL,0
2013,4,230,KPGL,0
2014,1,214,KPGL,0
2014,1,218,KPGL,0
2014,1,220,KPGL,0
2014,1,230,KPGL,0
2014,2,214,KPGL,0
2014,2,218,KPGL,0
2014,2,220,KPGL,0
2014,2,230,KPGL,0
2014,3,214,KPGL,0
2014,3,218,KPGL,0
2014,3,220,KPGL,0
2014,3,230,KPGL,0
2014,4,214,KPGL,0
2014,4,218,KPGL,0
2014,4,220,KPGL,0
2014,4,230,KPGL,0
2015,1,214,KPGL,0
2015,1,218,KPGL,0
2015,1,220,KPGL,0
2015,1,230,KPGL,0
2015,2,214,KPGL,0
2015,2,218,KPGL,0
2015,2,220,KPGL,0
2015,2,230,KPGL,0
2015,3,214,KPGL,0
2015,3,218,KPGL,0
2015,3,220,KPGL,0
2015,3,230,KPGL,0
2015,4,214,KPGL,0
2015,4,218,KPGL,0
2015,4,220,KPGL,0
2015,4,230,KPGL,0
2016,1,214,KPGL,0
2016,1,218,KPGL,0
2016,1,220,KPGL,0
2016,1,230,KPGL,0
2016,2,214,KPGL,0
2016,2,218,KPGL,0
2016,2,220,KPGL,0
2016,2,230,KPGL,0
2016,3,214,KPGL,0
2016,3,218,KPGL,0
2016,3,220,KPGL,1
2016,3,230,KPGL,0
2016,4,214,KPGL,0
2016,4,218,KPGL,0
2016,4,220,KPGL,0
2016,4,230,KPGL,0
2017,1,214,KPGL,0
2017,1,218,KPGL,0
2017,1,220,KPGL,0
2017,1,230,KPGL,0
2017,2,214,KPGL,0
2017,2,218,KPGL,0
2017,2,220,KPGL,0
2017,2,230,KPGL,0
2017,3,214,KPGL,0
2017,3,218,KPGL,0
2017,3,220,KPGL,0
2017,3,230,KPGL,0
2017,4,214,KPGL,0
2017,4,218,KPGL,0
2017,4,220,KPGL,0
2017,4,230,KPGL,0
2018,1,214,KPGL,0
2018,1,220,KPGL,0
2018,1,230,KPGL,0
2018,2,214,KPGL,0
2018,2,218,KPGL,0
2018,2,220,KPGL,0
2018,2,230,KPGL,0
2018,3,214,KPGL,0
2018,3,218,KPGL,0
2018,3,220,KPGL,0
2018,3,230,KPGL,0
2018,4,214,KPGL,0
2018,4,218,KPGL,0
2018,4,220,KPGL,0
2018,4,230,KPGL,0
2001,1,230,LIPA,0
2001,2,218,LIPA,0
2001,2,220,LIPA,0
2001,2,230,LIPA,0
2001,3,218,LIPA,0
2001,3,220,LIPA,0
2001,3,230,LIPA,0
2001,4,218,LIPA,0
2001,4,220,LIPA,0
2001,4,230,LIPA,0
2002,1,214,LIPA,0
2002,1,218,LIPA,0
2002,1,220,LIPA,0
2002,1,230,LIPA,0
2002,2,214,LIPA,0
2002,2,218,LIPA,0
2002,2,220,LIPA,0
2002,2,230,LIPA,0
2002,3,214,LIPA,0
2002,3,218,LIPA,0
2002,3,220,LIPA,0
2002,3,230,LIPA,0
2002,4,214,LIPA,0
2002,4,218,LIPA,0
2002,4,220,LIPA,0
2002,4,230,LIPA,0
2003,1,214,LIPA,0
2003,1,218,LIPA,0
2003,1,220,LIPA,0
2003,1,230,LIPA,0
2003,2,214,LIPA,0
2003,2,218,LIPA,0
2003,2,220,LIPA,0
2003,2,230,LIPA,0
2003,3,214,LIPA,0
2003,3,218,LIPA,0
2003,3,220,LIPA,0
2003,3,230,LIPA,0
2003,4,214,LIPA,0
2003,4,218,LIPA,0
2003,4,220,LIPA,0
2003,4,230,LIPA,0
2004,1,214,LIPA,0
2004,1,218,LIPA,0
2004,1,220,LIPA,0
2004,1,230,LIPA,0
2004,2,214,LIPA,0
2004,2,218,LIPA,0
2004,2,220,LIPA,0
2004,2,230,LIPA,0
2004,3,214,LIPA,0
2004,3,218,LIPA,0
2004,3,220,LIPA,0
2004,3,230,LIPA,0
2004,4,214,LIPA,0
2004,4,218,LIPA,0
2004,4,220,LIPA,0
2004,4,230,LIPA,0
2005,1,214,LIPA,0
2005,1,218,LIPA,0
2005,1,220,LIPA,0
2005,1,230,LIPA,0
2005,2,214,LIPA,0
2005,2,218,LIPA,0
2005,2,220,LIPA,0
2005,2,230,LIPA,0
2005,3,214,LIPA,0
2005,3,218,LIPA,0
2005,3,220,LIPA,0
2005,3,230,LIPA,0
2005,4,214,LIPA,0
2005,4,218,LIPA,0
2005,4,220,LIPA,0
2005,4,230,LIPA,0
2006,1,214,LIPA,0
2006,1,218,LIPA,0
2006,1,220,LIPA,0
2006,1,230,LIPA,0
2006,2,214,LIPA,0
2006,2,218,LIPA,0
2006,2,220,LIPA,0
2006,2,230,LIPA,0
2006,3,214,LIPA,0
2006,3,218,LIPA,0
2006,3,220,LIPA,0
2006,3,230,LIPA,0
2006,4,214,LIPA,0
2006,4,218,LIPA,0
2006,4,220,LIPA,0
2006,4,230,LIPA,0
2007,1,214,LIPA,0
2007,1,218,LIPA,0
2007,1,220,LIPA,0
2007,1,230,LIPA,0
2007,2,214,LIPA,0
2007,2,218,LIPA,0
2007,2,220,LIPA,0
2007,2,230,LIPA,0
2007,3,214,LIPA,0
2007,3,218,LIPA,0
2007,3,220,LIPA,0
2007,3,230,LIPA,0
2007,4,214,LIPA,0
2007,4,218,LIPA,0
2007,4,220,LIPA,0
2007,4,230,LIPA,0
2008,1,214,LIPA,0
2008,1,218,LIPA,0
2008,1,220,LIPA,0
2008,1,230,LIPA,0
2008,2,214,LIPA,0
2008,2,218,LIPA,0
2008,2,220,LIPA,0
2008,2,230,LIPA,0
2008,3,214,LIPA,0
2008,3,218,LIPA,0
2008,3,220,LIPA,0
2008,3,230,LIPA,0
2008,4,214,LIPA,0
2008,4,218,LIPA,0
2008,4,220,LIPA,0
2008,4,230,LIPA,0
2009,1,214,LIPA,0
2009,1,218,LIPA,0
2009,1,220,LIPA,0
2009,1,230,LIPA,0
2009,2,214,LIPA,0
2009,2,218,LIPA,0
2009,2,220,LIPA,0
2009,2,230,LIPA,0
2009,3,214,LIPA,0
2009,3,218,LIPA,0
2009,3,220,LIPA,0
2009,3,230,LIPA,0
2009,4,214,LIPA,0
2009,4,218,LIPA,0
2009,4,220,LIPA,0
2009,4,230,LIPA,0
2010,1,214,LIPA,0
2010,1,218,LIPA,0
2010,1,230,LIPA,0
2010,2,214,LIPA,0
2010,2,218,LIPA,0
2010,2,220,LIPA,0
2010,2,230,LIPA,0
2010,3,214,LIPA,0
2010,3,218,LIPA,0
2010,3,220,LIPA,0
2010,3,230,LIPA,0
2010,4,214,LIPA,0
2010,4,218,LIPA,0
2010,4,220,LIPA,0
2010,4,230,LIPA,0
2011,1,214,LIPA,0
2011,1,218,LIPA,0
2011,1,220,LIPA,0
2011,1,230,LIPA,0
2011,2,214,LIPA,0
2011,2,218,LIPA,0
2011,2,220,LIPA,0
2011,2,230,LIPA,0
2011,3,214,LIPA,0
2011,3,218,LIPA,0
2011,3,220,LIPA,0
2011,3,230,LIPA,0
2011,4,214,LIPA,0
2011,4,218,LIPA,0
2011,4,220,LIPA,0
2011,4,230,LIPA,0
2012,1,214,LIPA,0
2012,1,218,LIPA,0
2012,1,220,LIPA,0
2012,1,230,LIPA,0
2012,2,214,LIPA,0
2012,2,218,LIPA,0
2012,2,220,LIPA,0
2012,2,230,LIPA,0
2012,3,214,LIPA,0
2012,3,218,LIPA,0
2012,3,220,LIPA,0
2012,3,230,LIPA,0
2012,4,214,LIPA,0
2012,4,218,LIPA,0
2012,4,220,LIPA,0
2012,4,230,LIPA,0
2013,1,214,LIPA,0
2013,1,218,LIPA,0
2013,1,220,LIPA,0
2013,1,230,LIPA,0
2013,2,214,LIPA,0
2013,2,218,LIPA,0
2013,2,220,LIPA,0
2013,2,230,LIPA,0
2013,3,214,LIPA,0
2013,3,218,LIPA,0
2013,3,220,LIPA,0
2013,3,230,LIPA,0
2013,4,214,LIPA,0
2013,4,218,LIPA,0
2013,4,220,LIPA,0
2013,4,230,LIPA,0
2014,1,214,LIPA,0
2014,1,218,LIPA,0
2014,1,220,LIPA,0
2014,1,230,LIPA,0
2014,2,214,LIPA,0
2014,2,218,LIPA,0
2014,2,220,LIPA,0
2014,2,230,LIPA,0
2014,3,214,LIPA,0
2014,3,218,LIPA,0
2014,3,220,LIPA,0
2014,3,230,LIPA,0
2014,4,214,LIPA,0
2014,4,218,LIPA,0
2014,4,220,LIPA,0
2014,4,230,LIPA,0
2015,1,214,LIPA,0
2015,1,218,LIPA,0
2015,1,220,LIPA,0
2015,1,230,LIPA,0
2015,2,214,LIPA,0
2015,2,218,LIPA,0
2015,2,220,LIPA,0
2015,2,230,LIPA,0
2015,3,214,LIPA,0
2015,3,218,LIPA,0
2015,3,220,LIPA,0
2015,3,230,LIPA,0
2015,4,214,LIPA,0
2015,4,218,LIPA,0
2015,4,220,LIPA,0
2015,4,230,LIPA,0
2016,1,214,LIPA,0
2016,1,218,LIPA,0
2016,1,220,LIPA,0
2016,1,230,LIPA,0
2016,2,214,LIPA,0
2016,2,218,LIPA,0
2016,2,220,LIPA,0
2016,2,230,LIPA,0
2016,3,214,LIPA,0
2016,3,218,LIPA,0
2016,3,220,LIPA,0
2016,3,230,LIPA,0
2016,4,214,LIPA,0
2016,4,218,LIPA,0
2016,4,220,LIPA,0
2016,4,230,LIPA,0
2017,1,214,LIPA,0
2017,1,218,LIPA,0
2017,1,220,LIPA,0
2017,1,230,LIPA,0
2017,2,214,LIPA,0
2017,2,218,LIPA,0
2017,2,220,LIPA,0
2017,2,230,LIPA,0
2017,3,214,LIPA,0
2017,3,218,LIPA,0
2017,3,220,LIPA,0
2017,3,230,LIPA,0
2017,4,214,LIPA,0
2017,4,218,LIPA,1
2017,4,220,LIPA,1
2017,4,230,LIPA,0
2018,1,214,LIPA,0
2018,1,220,LIPA,0
2018,1,230,LIPA,0
2018,2,214,LIPA,0
2018,2,218,LIPA,0
2018,2,220,LIPA,0
2018,2,230,LIPA,0
2018,3,214,LIPA,0
2018,3,218,LIPA,0
2018,3,220,LIPA,0
2018,3,230,LIPA,0
2018,4,214,LIPA,0
2018,4,218,LIPA,0
2018,4,220,LIPA,0
2018,4,230,LIPA,0
2001,1,230,LIPA,0
2001,2,218,LIPA,0
2001,2,220,LIPA,0
2001,2,230,LIPA,0
2001,3,218,LIPA,0
2001,3,220,LIPA,0
2001,3,230,LIPA,0
2001,4,218,LIPA,0
2001,4,220,LIPA,1
2001,4,230,LIPA,0
2002,1,214,LIPA,0
2002,1,218,LIPA,0
2002,1,220,LIPA,0
2002,1,230,LIPA,0
2002,2,214,LIPA,0
2002,2,218,LIPA,0
2002,2,220,LIPA,0
2002,2,230,LIPA,0
2002,3,214,LIPA,0
2002,3,218,LIPA,0
2002,3,220,LIPA,0
2002,3,230,LIPA,0
2002,4,214,LIPA,0
2002,4,218,LIPA,0
2002,4,220,LIPA,0
2002,4,230,LIPA,0
2003,1,214,LIPA,0
2003,1,218,LIPA,0
2003,1,220,LIPA,0
2003,1,230,LIPA,0
2003,2,214,LIPA,0
2003,2,218,LIPA,0
2003,2,220,LIPA,0
2003,2,230,LIPA,0
2003,3,214,LIPA,0
2003,3,218,LIPA,1
2003,3,220,LIPA,0
2003,3,230,LIPA,0
2003,4,214,LIPA,1
2003,4,218,LIPA,1
2003,4,220,LIPA,1
2003,4,230,LIPA,0
2004,1,214,LIPA,0
2004,1,218,LIPA,0
2004,1,220,LIPA,0
2004,1,230,LIPA,0
2004,2,214,LIPA,0
2004,2,218,LIPA,0
2004,2,220,LIPA,0
2004,2,230,LIPA,0
2004,3,214,LIPA,0
2004,3,218,LIPA,0
2004,3,220,LIPA,0
2004,3,230,LIPA,0
2004,4,214,LIPA,0
2004,4,218,LIPA,1
2004,4,220,LIPA,0
2004,4,230,LIPA,0
2005,1,214,LIPA,0
2005,1,218,LIPA,0
2005,1,220,LIPA,0
2005,1,230,LIPA,0
2005,2,214,LIPA,0
2005,2,218,LIPA,0
2005,2,220,LIPA,0
2005,2,230,LIPA,0
2005,3,214,LIPA,0
2005,3,218,LIPA,0
2005,3,220,LIPA,0
2005,3,230,LIPA,0
2005,4,214,LIPA,0
2005,4,218,LIPA,0
2005,4,220,LIPA,0
2005,4,230,LIPA,0
2006,1,214,LIPA,0
2006,1,218,LIPA,0
2006,1,220,LIPA,0
2006,1,230,LIPA,0
2006,2,214,LIPA,0
2006,2,218,LIPA,0
2006,2,220,LIPA,0
2006,2,230,LIPA,0
2006,3,214,LIPA,0
2006,3,218,LIPA,0
2006,3,220,LIPA,0
2006,3,230,LIPA,0
2006,4,214,LIPA,0
2006,4,218,LIPA,0
2006,4,220,LIPA,0
2006,4,230,LIPA,0
2007,1,214,LIPA,0
2007,1,218,LIPA,0
2007,1,220,LIPA,0
2007,1,230,LIPA,0
2007,2,214,LIPA,0
2007,2,218,LIPA,0
2007,2,220,LIPA,0
2007,2,230,LIPA,0
2007,3,214,LIPA,0
2007,3,218,LIPA,0
2007,3,220,LIPA,0
2007,3,230,LIPA,0
2007,4,214,LIPA,0
2007,4,218,LIPA,0
2007,4,220,LIPA,1
2007,4,230,LIPA,0
2008,1,214,LIPA,0
2008,1,218,LIPA,0
2008,1,220,LIPA,0
2008,1,230,LIPA,0
2008,2,214,LIPA,0
2008,2,218,LIPA,0
2008,2,220,LIPA,0
2008,2,230,LIPA,0
2008,3,214,LIPA,0
2008,3,218,LIPA,0
2008,3,220,LIPA,0
2008,3,230,LIPA,0
2008,4,214,LIPA,1
2008,4,218,LIPA,0
2008,4,220,LIPA,1
2008,4,230,LIPA,0
2009,1,214,LIPA,0
2009,1,218,LIPA,0
2009,1,220,LIPA,0
2009,1,230,LIPA,0
2009,2,214,LIPA,0
2009,2,218,LIPA,0
2009,2,220,LIPA,0
2009,2,230,LIPA,0
2009,3,214,LIPA,0
2009,3,218,LIPA,0
2009,3,220,LIPA,0
2009,3,230,LIPA,0
2009,4,214,LIPA,0
2009,4,218,LIPA,0
2009,4,220,LIPA,0
2009,4,230,LIPA,0
2010,1,214,LIPA,0
2010,1,218,LIPA,0
2010,1,230,LIPA,0
2010,2,214,LIPA,0
2010,2,218,LIPA,0
2010,2,220,LIPA,0
2010,2,230,LIPA,0
2010,3,214,LIPA,0
2010,3,218,LIPA,0
2010,3,220,LIPA,0
2010,3,230,LIPA,0
2010,4,214,LIPA,0
2010,4,218,LIPA,0
2010,4,220,LIPA,0
2010,4,230,LIPA,0
2011,1,214,LIPA,0
2011,1,218,LIPA,0
2011,1,220,LIPA,0
2011,1,230,LIPA,0
2011,2,214,LIPA,0
2011,2,218,LIPA,0
2011,2,220,LIPA,0
2011,2,230,LIPA,0
2011,3,214,LIPA,0
2011,3,218,LIPA,0
2011,3,220,LIPA,0
2011,3,230,LIPA,0
2011,4,214,LIPA,0
2011,4,218,LIPA,0
2011,4,220,LIPA,1
2011,4,230,LIPA,0
2012,1,214,LIPA,0
2012,1,218,LIPA,0
2012,1,220,LIPA,0
2012,1,230,LIPA,0
2012,2,214,LIPA,0
2012,2,218,LIPA,0
2012,2,220,LIPA,0
2012,2,230,LIPA,0
2012,3,214,LIPA,0
2012,3,218,LIPA,0
2012,3,220,LIPA,0
2012,3,230,LIPA,0
2012,4,214,LIPA,0
2012,4,218,LIPA,0
2012,4,220,LIPA,0
2012,4,230,LIPA,0
2013,1,214,LIPA,0
2013,1,218,LIPA,0
2013,1,220,LIPA,0
2013,1,230,LIPA,0
2013,2,214,LIPA,0
2013,2,218,LIPA,0
2013,2,220,LIPA,0
2013,2,230,LIPA,0
2013,3,214,LIPA,0
2013,3,218,LIPA,0
2013,3,220,LIPA,0
2013,3,230,LIPA,0
2013,4,214,LIPA,0
2013,4,218,LIPA,1
2013,4,220,LIPA,0
2013,4,230,LIPA,0
2014,1,214,LIPA,0
2014,1,218,LIPA,0
2014,1,220,LIPA,0
2014,1,230,LIPA,0
2014,2,214,LIPA,0
2014,2,218,LIPA,0
2014,2,220,LIPA,0
2014,2,230,LIPA,0
2014,3,214,LIPA,0
2014,3,218,LIPA,0
2014,3,220,LIPA,0
2014,3,230,LIPA,0
2014,4,214,LIPA,0
2014,4,218,LIPA,0
2014,4,220,LIPA,1
2014,4,230,LIPA,0
2015,1,214,LIPA,0
2015,1,218,LIPA,0
2015,1,220,LIPA,0
2015,1,230,LIPA,0
2015,2,214,LIPA,0
2015,2,218,LIPA,0
2015,2,220,LIPA,0
2015,2,230,LIPA,0
2015,3,214,LIPA,0
2015,3,218,LIPA,0
2015,3,220,LIPA,0
2015,3,230,LIPA,0
2015,4,214,LIPA,0
2015,4,218,LIPA,0
2015,4,220,LIPA,0
2015,4,230,LIPA,0
2016,1,214,LIPA,0
2016,1,218,LIPA,0
2016,1,220,LIPA,0
2016,1,230,LIPA,0
2016,2,214,LIPA,0
2016,2,218,LIPA,0
2016,2,220,LIPA,0
2016,2,230,LIPA,0
2016,3,214,LIPA,0
2016,3,218,LIPA,0
2016,3,220,LIPA,0
2016,3,230,LIPA,0
2016,4,214,LIPA,0
2016,4,218,LIPA,1
2016,4,220,LIPA,1
2016,4,230,LIPA,0
2017,1,214,LIPA,0
2017,1,218,LIPA,0
2017,1,220,LIPA,0
2017,1,230,LIPA,0
2017,2,214,LIPA,0
2017,2,218,LIPA,0
2017,2,220,LIPA,0
2017,2,230,LIPA,0
2017,3,214,LIPA,0
2017,3,218,LIPA,0
2017,3,220,LIPA,0
2017,3,230,LIPA,0
2017,4,214,LIPA,0
2017,4,218,LIPA,0
2017,4,220,LIPA,0
2017,4,230,LIPA,0
2018,1,214,LIPA,0
2018,1,220,LIPA,0
2018,1,230,LIPA,0
2018,2,214,LIPA,0
2018,2,218,LIPA,0
2018,2,220,LIPA,0
2018,2,230,LIPA,0
2018,3,214,LIPA,0
2018,3,218,LIPA,0
2018,3,220,LIPA,0
2018,3,230,LIPA,0
2018,4,214,LIPA,0
2018,4,218,LIPA,0
2018,4,220,LIPA,0
2018,4,230,LIPA,0
2001,1,230,LNSK,0
2001,2,218,LNSK,0
2001,2,220,LNSK,0
2001,2,230,LNSK,0
2001,3,218,LNSK,0
2001,3,220,LNSK,0
2001,3,230,LNSK,0
2001,4,218,LNSK,0
2001,4,220,LNSK,0
2001,4,230,LNSK,0
2002,1,214,LNSK,0
2002,1,218,LNSK,0
2002,1,220,LNSK,0
2002,1,230,LNSK,0
2002,2,214,LNSK,0
2002,2,218,LNSK,0
2002,2,220,LNSK,0
2002,2,230,LNSK,0
2002,3,214,LNSK,0
2002,3,218,LNSK,0
2002,3,220,LNSK,0
2002,3,230,LNSK,0
2002,4,214,LNSK,0
2002,4,218,LNSK,0
2002,4,220,LNSK,0
2002,4,230,LNSK,0
2003,1,214,LNSK,0
2003,1,218,LNSK,0
2003,1,220,LNSK,0
2003,1,230,LNSK,0
2003,2,214,LNSK,0
2003,2,218,LNSK,0
2003,2,220,LNSK,0
2003,2,230,LNSK,0
2003,3,214,LNSK,0
2003,3,218,LNSK,0
2003,3,220,LNSK,0
2003,3,230,LNSK,0
2003,4,214,LNSK,0
2003,4,218,LNSK,0
2003,4,220,LNSK,0
2003,4,230,LNSK,0
2004,1,214,LNSK,0
2004,1,218,LNSK,0
2004,1,220,LNSK,0
2004,1,230,LNSK,0
2004,2,214,LNSK,0
2004,2,218,LNSK,0
2004,2,220,LNSK,0
2004,2,230,LNSK,0
2004,3,214,LNSK,0
2004,3,218,LNSK,0
2004,3,220,LNSK,0
2004,3,230,LNSK,0
2004,4,214,LNSK,0
2004,4,218,LNSK,0
2004,4,220,LNSK,0
2004,4,230,LNSK,0
2005,1,214,LNSK,0
2005,1,218,LNSK,0
2005,1,220,LNSK,0
2005,1,230,LNSK,0
2005,2,214,LNSK,0
2005,2,218,LNSK,0
2005,2,220,LNSK,0
2005,2,230,LNSK,0
2005,3,214,LNSK,0
2005,3,218,LNSK,0
2005,3,220,LNSK,0
2005,3,230,LNSK,0
2005,4,214,LNSK,0
2005,4,218,LNSK,0
2005,4,220,LNSK,0
2005,4,230,LNSK,0
2006,1,214,LNSK,0
2006,1,218,LNSK,0
2006,1,220,LNSK,0
2006,1,230,LNSK,0
2006,2,214,LNSK,0
2006,2,218,LNSK,0
2006,2,220,LNSK,0
2006,2,230,LNSK,0
2006,3,214,LNSK,0
2006,3,218,LNSK,0
2006,3,220,LNSK,0
2006,3,230,LNSK,0
2006,4,214,LNSK,0
2006,4,218,LNSK,0
2006,4,220,LNSK,0
2006,4,230,LNSK,0
2007,1,214,LNSK,0
2007,1,218,LNSK,0
2007,1,220,LNSK,0
2007,1,230,LNSK,0
2007,2,214,LNSK,0
2007,2,218,LNSK,0
2007,2,220,LNSK,0
2007,2,230,LNSK,0
2007,3,214,LNSK,0
2007,3,218,LNSK,0
2007,3,220,LNSK,0
2007,3,230,LNSK,0
2007,4,214,LNSK,0
2007,4,218,LNSK,0
2007,4,220,LNSK,0
2007,4,230,LNSK,0
2008,1,214,LNSK,0
2008,1,218,LNSK,0
2008,1,220,LNSK,0
2008,1,230,LNSK,0
2008,2,214,LNSK,0
2008,2,218,LNSK,0
2008,2,220,LNSK,0
2008,2,230,LNSK,0
2008,3,214,LNSK,0
2008,3,218,LNSK,0
2008,3,220,LNSK,0
2008,3,230,LNSK,0
2008,4,214,LNSK,0
2008,4,218,LNSK,0
2008,4,220,LNSK,0
2008,4,230,LNSK,0
2009,1,214,LNSK,0
2009,1,218,LNSK,0
2009,1,220,LNSK,0
2009,1,230,LNSK,0
2009,2,214,LNSK,0
2009,2,218,LNSK,0
2009,2,220,LNSK,0
2009,2,230,LNSK,0
2009,3,214,LNSK,0
2009,3,218,LNSK,0
2009,3,220,LNSK,0
2009,3,230,LNSK,0
2009,4,214,LNSK,0
2009,4,218,LNSK,0
2009,4,220,LNSK,0
2009,4,230,LNSK,0
2010,1,214,LNSK,0
2010,1,218,LNSK,0
2010,1,230,LNSK,0
2010,2,214,LNSK,0
2010,2,218,LNSK,0
2010,2,220,LNSK,0
2010,2,230,LNSK,0
2010,3,214,LNSK,0
2010,3,218,LNSK,0
2010,3,220,LNSK,0
2010,3,230,LNSK,0
2010,4,214,LNSK,0
2010,4,218,LNSK,0
2010,4,220,LNSK,0
2010,4,230,LNSK,0
2011,1,214,LNSK,0
2011,1,218,LNSK,0
2011,1,220,LNSK,0
2011,1,230,LNSK,0
2011,2,214,LNSK,0
2011,2,218,LNSK,0
2011,2,220,LNSK,0
2011,2,230,LNSK,0
2011,3,214,LNSK,0
2011,3,218,LNSK,0
2011,3,220,LNSK,0
2011,3,230,LNSK,0
2011,4,214,LNSK,0
2011,4,218,LNSK,0
2011,4,220,LNSK,0
2011,4,230,LNSK,0
2012,1,214,LNSK,0
2012,1,218,LNSK,0
2012,1,220,LNSK,0
2012,1,230,LNSK,0
2012,2,214,LNSK,0
2012,2,218,LNSK,0
2012,2,220,LNSK,0
2012,2,230,LNSK,0
2012,3,214,LNSK,0
2012,3,218,LNSK,0
2012,3,220,LNSK,0
2012,3,230,LNSK,0
2012,4,214,LNSK,0
2012,4,218,LNSK,0
2012,4,220,LNSK,0
2012,4,230,LNSK,0
2013,1,214,LNSK,0
2013,1,218,LNSK,0
2013,1,220,LNSK,0
2013,1,230,LNSK,0
2013,2,214,LNSK,0
2013,2,218,LNSK,0
2013,2,220,LNSK,0
2013,2,230,LNSK,0
2013,3,214,LNSK,0
2013,3,218,LNSK,0
2013,3,220,LNSK,0
2013,3,230,LNSK,0
2013,4,214,LNSK,0
2013,4,218,LNSK,1
2013,4,220,LNSK,0
2013,4,230,LNSK,0
2014,1,214,LNSK,0
2014,1,218,LNSK,0
2014,1,220,LNSK,0
2014,1,230,LNSK,0
2014,2,214,LNSK,0
2014,2,218,LNSK,0
2014,2,220,LNSK,0
2014,2,230,LNSK,0
2014,3,214,LNSK,0
2014,3,218,LNSK,0
2014,3,220,LNSK,0
2014,3,230,LNSK,0
2014,4,214,LNSK,0
2014,4,218,LNSK,0
2014,4,220,LNSK,0
2014,4,230,LNSK,0
2015,1,214,LNSK,0
2015,1,218,LNSK,0
2015,1,220,LNSK,0
2015,1,230,LNSK,0
2015,2,214,LNSK,0
2015,2,218,LNSK,0
2015,2,220,LNSK,0
2015,2,230,LNSK,0
2015,3,214,LNSK,0
2015,3,218,LNSK,0
2015,3,220,LNSK,0
2015,3,230,LNSK,0
2015,4,214,LNSK,0
2015,4,218,LNSK,0
2015,4,220,LNSK,0
2015,4,230,LNSK,0
2016,1,214,LNSK,0
2016,1,218,LNSK,0
2016,1,220,LNSK,0
2016,1,230,LNSK,0
2016,2,214,LNSK,0
2016,2,218,LNSK,0
2016,2,220,LNSK,0
2016,2,230,LNSK,0
2016,3,214,LNSK,0
2016,3,218,LNSK,0
2016,3,220,LNSK,0
2016,3,230,LNSK,0
2016,4,214,LNSK,0
2016,4,218,LNSK,0
2016,4,220,LNSK,0
2016,4,230,LNSK,0
2017,1,214,LNSK,0
2017,1,218,LNSK,0
2017,1,220,LNSK,0
2017,1,230,LNSK,0
2017,2,214,LNSK,0
2017,2,218,LNSK,0
2017,2,220,LNSK,0
2017,2,230,LNSK,0
2017,3,214,LNSK,0
2017,3,218,LNSK,0
2017,3,220,LNSK,0
2017,3,230,LNSK,0
2017,4,214,LNSK,0
2017,4,218,LNSK,0
2017,4,220,LNSK,0
2017,4,230,LNSK,0
2018,1,214,LNSK,0
2018,1,220,LNSK,0
2018,1,230,LNSK,0
2018,2,214,LNSK,0
2018,2,218,LNSK,0
2018,2,220,LNSK,0
2018,2,230,LNSK,0
2018,3,214,LNSK,0
2018,3,218,LNSK,0
2018,3,220,LNSK,0
2018,3,230,LNSK,0
2018,4,214,LNSK,0
2018,4,218,LNSK,0
2018,4,220,LNSK,0
2018,4,230,LNSK,0
2001,1,230,RKGL,0
2001,2,218,RKGL,0
2001,2,220,RKGL,0
2001,2,230,RKGL,0
2001,3,218,RKGL,0
2001,3,220,RKGL,0
2001,3,230,RKGL,0
2001,4,218,RKGL,0
2001,4,220,RKGL,0
2001,4,230,RKGL,0
2002,1,214,RKGL,0
2002,1,218,RKGL,0
2002,1,220,RKGL,0
2002,1,230,RKGL,0
2002,2,214,RKGL,0
2002,2,218,RKGL,0
2002,2,220,RKGL,0
2002,2,230,RKGL,0
2002,3,214,RKGL,0
2002,3,218,RKGL,0
2002,3,220,RKGL,0
2002,3,230,RKGL,0
2002,4,214,RKGL,0
2002,4,218,RKGL,0
2002,4,220,RKGL,0
2002,4,230,RKGL,0
2003,1,214,RKGL,0
2003,1,218,RKGL,0
2003,1,220,RKGL,0
2003,1,230,RKGL,0
2003,2,214,RKGL,0
2003,2,218,RKGL,0
2003,2,220,RKGL,0
2003,2,230,RKGL,0
2003,3,214,RKGL,0
2003,3,218,RKGL,0
2003,3,220,RKGL,0
2003,3,230,RKGL,0
2003,4,214,RKGL,0
2003,4,218,RKGL,0
2003,4,220,RKGL,0
2003,4,230,RKGL,0
2004,1,214,RKGL,0
2004,1,218,RKGL,0
2004,1,220,RKGL,0
2004,1,230,RKGL,0
2004,2,214,RKGL,0
2004,2,218,RKGL,0
2004,2,220,RKGL,0
2004,2,230,RKGL,0
2004,3,214,RKGL,0
2004,3,218,RKGL,0
2004,3,220,RKGL,0
2004,3,230,RKGL,0
2004,4,214,RKGL,0
2004,4,218,RKGL,0
2004,4,220,RKGL,0
2004,4,230,RKGL,0
2005,1,214,RKGL,0
2005,1,218,RKGL,0
2005,1,220,RKGL,0
2005,1,230,RKGL,0
2005,2,214,RKGL,0
2005,2,218,RKGL,0
2005,2,220,RKGL,0
2005,2,230,RKGL,0
2005,3,214,RKGL,0
2005,3,218,RKGL,0
2005,3,220,RKGL,0
2005,3,230,RKGL,0
2005,4,214,RKGL,0
2005,4,218,RKGL,0
2005,4,220,RKGL,0
2005,4,230,RKGL,0
2006,1,214,RKGL,0
2006,1,218,RKGL,0
2006,1,220,RKGL,0
2006,1,230,RKGL,0
2006,2,214,RKGL,0
2006,2,218,RKGL,0
2006,2,220,RKGL,0
2006,2,230,RKGL,0
2006,3,214,RKGL,0
2006,3,218,RKGL,0
2006,3,220,RKGL,0
2006,3,230,RKGL,0
2006,4,214,RKGL,0
2006,4,218,RKGL,0
2006,4,220,RKGL,0
2006,4,230,RKGL,0
2007,1,214,RKGL,0
2007,1,218,RKGL,0
2007,1,220,RKGL,0
2007,1,230,RKGL,0
2007,2,214,RKGL,0
2007,2,218,RKGL,0
2007,2,220,RKGL,0
2007,2,230,RKGL,0
2007,3,214,RKGL,0
2007,3,218,RKGL,0
2007,3,220,RKGL,0
2007,3,230,RKGL,0
2007,4,214,RKGL,0
2007,4,218,RKGL,0
2007,4,220,RKGL,0
2007,4,230,RKGL,0
2008,1,214,RKGL,0
2008,1,218,RKGL,0
2008,1,220,RKGL,0
2008,1,230,RKGL,0
2008,2,214,RKGL,0
2008,2,218,RKGL,0
2008,2,220,RKGL,0
2008,2,230,RKGL,0
2008,3,214,RKGL,0
2008,3,218,RKGL,0
2008,3,220,RKGL,0
2008,3,230,RKGL,0
2008,4,214,RKGL,0
2008,4,218,RKGL,0
2008,4,220,RKGL,0
2008,4,230,RKGL,0
2009,1,214,RKGL,0
2009,1,218,RKGL,0
2009,1,220,RKGL,0
2009,1,230,RKGL,0
2009,2,214,RKGL,0
2009,2,218,RKGL,0
2009,2,220,RKGL,0
2009,2,230,RKGL,0
2009,3,214,RKGL,0
2009,3,218,RKGL,0
2009,3,220,RKGL,1
2009,3,230,RKGL,1
2009,4,214,RKGL,0
2009,4,218,RKGL,0
2009,4,220,RKGL,0
2009,4,230,RKGL,0
2010,1,214,RKGL,0
2010,1,218,RKGL,0
2010,1,230,RKGL,0
2010,2,214,RKGL,0
2010,2,218,RKGL,0
2010,2,220,RKGL,0
2010,2,230,RKGL,0
2010,3,214,RKGL,0
2010,3,218,RKGL,0
2010,3,220,RKGL,0
2010,3,230,RKGL,0
2010,4,214,RKGL,0
2010,4,218,RKGL,0
2010,4,220,RKGL,0
2010,4,230,RKGL,0
2011,1,214,RKGL,0
2011,1,218,RKGL,0
2011,1,220,RKGL,0
2011,1,230,RKGL,0
2011,2,214,RKGL,0
2011,2,218,RKGL,0
2011,2,220,RKGL,0
2011,2,230,RKGL,0
2011,3,214,RKGL,0
2011,3,218,RKGL,0
2011,3,220,RKGL,0
2011,3,230,RKGL,0
2011,4,214,RKGL,0
2011,4,218,RKGL,0
2011,4,220,RKGL,0
2011,4,230,RKGL,0
2012,1,214,RKGL,0
2012,1,218,RKGL,0
2012,1,220,RKGL,0
2012,1,230,RKGL,0
2012,2,214,RKGL,0
2012,2,218,RKGL,0
2012,2,220,RKGL,0
2012,2,230,RKGL,0
2012,3,214,RKGL,0
2012,3,218,RKGL,0
2012,3,220,RKGL,0
2012,3,230,RKGL,0
2012,4,214,RKGL,0
2012,4,218,RKGL,0
2012,4,220,RKGL,0
2012,4,230,RKGL,0
2013,1,214,RKGL,0
2013,1,218,RKGL,0
2013,1,220,RKGL,0
2013,1,230,RKGL,0
2013,2,214,RKGL,0
2013,2,218,RKGL,0
2013,2,220,RKGL,0
2013,2,230,RKGL,0
2013,3,214,RKGL,0
2013,3,218,RKGL,0
2013,3,220,RKGL,0
2013,3,230,RKGL,0
2013,4,214,RKGL,0
2013,4,218,RKGL,0
2013,4,220,RKGL,0
2013,4,230,RKGL,0
2014,1,214,RKGL,0
2014,1,218,RKGL,0
2014,1,220,RKGL,0
2014,1,230,RKGL,0
2014,2,214,RKGL,0
2014,2,218,RKGL,0
2014,2,220,RKGL,0
2014,2,230,RKGL,0
2014,3,214,RKGL,0
2014,3,218,RKGL,0
2014,3,220,RKGL,0
2014,3,230,RKGL,0
2014,4,214,RKGL,0
2014,4,218,RKGL,0
2014,4,220,RKGL,0
2014,4,230,RKGL,0
2015,1,214,RKGL,0
2015,1,218,RKGL,0
2015,1,220,RKGL,0
2015,1,230,RKGL,0
2015,2,214,RKGL,0
2015,2,218,RKGL,0
2015,2,220,RKGL,0
2015,2,230,RKGL,0
2015,3,214,RKGL,0
2015,3,218,RKGL,0
2015,3,220,RKGL,0
2015,3,230,RKGL,0
2015,4,214,RKGL,0
2015,4,218,RKGL,0
2015,4,220,RKGL,0
2015,4,230,RKGL,0
2016,1,214,RKGL,0
2016,1,218,RKGL,0
2016,1,220,RKGL,0
2016,1,230,RKGL,0
2016,2,214,RKGL,0
2016,2,218,RKGL,0
2016,2,220,RKGL,0
2016,2,230,RKGL,0
2016,3,214,RKGL,0
2016,3,218,RKGL,0
2016,3,220,RKGL,1
2016,3,230,RKGL,0
2016,4,214,RKGL,0
2016,4,218,RKGL,1
2016,4,220,RKGL,1
2016,4,230,RKGL,0
2017,1,214,RKGL,0
2017,1,218,RKGL,0
2017,1,220,RKGL,0
2017,1,230,RKGL,0
2017,2,214,RKGL,0
2017,2,218,RKGL,0
2017,2,220,RKGL,0
2017,2,230,RKGL,0
2017,3,214,RKGL,0
2017,3,218,RKGL,0
2017,3,220,RKGL,0
2017,3,230,RKGL,0
2017,4,214,RKGL,0
2017,4,218,RKGL,0
2017,4,220,RKGL,0
2017,4,230,RKGL,0
2018,1,214,RKGL,0
2018,1,220,RKGL,0
2018,1,230,RKGL,0
2018,2,214,RKGL,0
2018,2,218,RKGL,0
2018,2,220,RKGL,0
2018,2,230,RKGL,0
2018,3,214,RKGL,0
2018,3,218,RKGL,0
2018,3,220,RKGL,0
2018,3,230,RKGL,0
2018,4,214,RKGL,0
2018,4,218,RKGL,0
2018,4,220,RKGL,0
2018,4,230,RKGL,0
2001,1,230,SHSC,0
2001,2,218,SHSC,0
2001,2,220,SHSC,0
2001,2,230,SHSC,0
2001,3,218,SHSC,0
2001,3,220,SHSC,0
2001,3,230,SHSC,0
2001,4,218,SHSC,0
2001,4,220,SHSC,0
2001,4,230,SHSC,0
2002,1,214,SHSC,0
2002,1,218,SHSC,0
2002,1,220,SHSC,0
2002,1,230,SHSC,0
2002,2,214,SHSC,0
2002,2,218,SHSC,0
2002,2,220,SHSC,0
2002,2,230,SHSC,0
2002,3,214,SHSC,0
2002,3,218,SHSC,0
2002,3,220,SHSC,0
2002,3,230,SHSC,0
2002,4,214,SHSC,0
2002,4,218,SHSC,0
2002,4,220,SHSC,0
2002,4,230,SHSC,0
2003,1,214,SHSC,0
2003,1,218,SHSC,0
2003,1,220,SHSC,0
2003,1,230,SHSC,0
2003,2,214,SHSC,0
2003,2,218,SHSC,0
2003,2,220,SHSC,0
2003,2,230,SHSC,0
2003,3,214,SHSC,0
2003,3,218,SHSC,0
2003,3,220,SHSC,0
2003,3,230,SHSC,0
2003,4,214,SHSC,0
2003,4,218,SHSC,0
2003,4,220,SHSC,0
2003,4,230,SHSC,0
2004,1,214,SHSC,0
2004,1,218,SHSC,0
2004,1,220,SHSC,0
2004,1,230,SHSC,0
2004,2,214,SHSC,0
2004,2,218,SHSC,0
2004,2,220,SHSC,0
2004,2,230,SHSC,0
2004,3,214,SHSC,0
2004,3,218,SHSC,0
2004,3,220,SHSC,0
2004,3,230,SHSC,0
2004,4,214,SHSC,0
2004,4,218,SHSC,0
2004,4,220,SHSC,0
2004,4,230,SHSC,0
2005,1,214,SHSC,0
2005,1,218,SHSC,0
2005,1,220,SHSC,0
2005,1,230,SHSC,0
2005,2,214,SHSC,0
2005,2,218,SHSC,0
2005,2,220,SHSC,0
2005,2,230,SHSC,0
2005,3,214,SHSC,0
2005,3,218,SHSC,0
2005,3,220,SHSC,0
2005,3,230,SHSC,0
2005,4,214,SHSC,0
2005,4,218,SHSC,0
2005,4,220,SHSC,0
2005,4,230,SHSC,0
2006,1,214,SHSC,0
2006,1,218,SHSC,0
2006,1,220,SHSC,0
2006,1,230,SHSC,0
2006,2,214,SHSC,0
2006,2,218,SHSC,0
2006,2,220,SHSC,0
2006,2,230,SHSC,0
2006,3,214,SHSC,0
2006,3,218,SHSC,0
2006,3,220,SHSC,0
2006,3,230,SHSC,0
2006,4,214,SHSC,0
2006,4,218,SHSC,0
2006,4,220,SHSC,0
2006,4,230,SHSC,0
2007,1,214,SHSC,0
2007,1,218,SHSC,0
2007,1,220,SHSC,0
2007,1,230,SHSC,0
2007,2,214,SHSC,0
2007,2,218,SHSC,0
2007,2,220,SHSC,0
2007,2,230,SHSC,0
2007,3,214,SHSC,0
2007,3,218,SHSC,0
2007,3,220,SHSC,0
2007,3,230,SHSC,0
2007,4,214,SHSC,0
2007,4,218,SHSC,0
2007,4,220,SHSC,0
2007,4,230,SHSC,0
2008,1,214,SHSC,0
2008,1,218,SHSC,0
2008,1,220,SHSC,0
2008,1,230,SHSC,0
2008,2,214,SHSC,0
2008,2,218,SHSC,0
2008,2,220,SHSC,0
2008,2,230,SHSC,0
2008,3,214,SHSC,0
2008,3,218,SHSC,0
2008,3,220,SHSC,0
2008,3,230,SHSC,0
2008,4,214,SHSC,0
2008,4,218,SHSC,0
2008,4,220,SHSC,0
2008,4,230,SHSC,0
2009,1,214,SHSC,0
2009,1,218,SHSC,0
2009,1,220,SHSC,0
2009,1,230,SHSC,0
2009,2,214,SHSC,0
2009,2,218,SHSC,0
2009,2,220,SHSC,0
2009,2,230,SHSC,0
2009,3,214,SHSC,0
2009,3,218,SHSC,0
2009,3,220,SHSC,0
2009,3,230,SHSC,0
2009,4,214,SHSC,0
2009,4,218,SHSC,0
2009,4,220,SHSC,0
2009,4,230,SHSC,0
2010,1,214,SHSC,0
2010,1,218,SHSC,0
2010,1,230,SHSC,0
2010,2,214,SHSC,0
2010,2,218,SHSC,0
2010,2,220,SHSC,0
2010,2,230,SHSC,0
2010,3,214,SHSC,0
2010,3,218,SHSC,0
2010,3,220,SHSC,0
2010,3,230,SHSC,0
2010,4,214,SHSC,0
2010,4,218,SHSC,0
2010,4,220,SHSC,0
2010,4,230,SHSC,0
2011,1,214,SHSC,0
2011,1,218,SHSC,0
2011,1,220,SHSC,0
2011,1,230,SHSC,0
2011,2,214,SHSC,0
2011,2,218,SHSC,0
2011,2,220,SHSC,1
2011,2,230,SHSC,0
2011,3,214,SHSC,0
2011,3,218,SHSC,0
2011,3,220,SHSC,0
2011,3,230,SHSC,0
2011,4,214,SHSC,0
2011,4,218,SHSC,0
2011,4,220,SHSC,0
2011,4,230,SHSC,0
2012,1,214,SHSC,0
2012,1,218,SHSC,0
2012,1,220,SHSC,0
2012,1,230,SHSC,0
2012,2,214,SHSC,0
2012,2,218,SHSC,0
2012,2,220,SHSC,0
2012,2,230,SHSC,0
2012,3,214,SHSC,0
2012,3,218,SHSC,0
2012,3,220,SHSC,0
2012,3,230,SHSC,0
2012,4,214,SHSC,0
2012,4,218,SHSC,0
2012,4,220,SHSC,0
2012,4,230,SHSC,0
2013,1,214,SHSC,0
2013,1,218,SHSC,0
2013,1,220,SHSC,0
2013,1,230,SHSC,0
2013,2,214,SHSC,0
2013,2,218,SHSC,0
2013,2,220,SHSC,0
2013,2,230,SHSC,0
2013,3,214,SHSC,0
2013,3,218,SHSC,0
2013,3,220,SHSC,0
2013,3,230,SHSC,0
2013,4,214,SHSC,0
2013,4,218,SHSC,0
2013,4,220,SHSC,0
2013,4,230,SHSC,0
2014,1,214,SHSC,0
2014,1,218,SHSC,0
2014,1,220,SHSC,0
2014,1,230,SHSC,0
2014,2,214,SHSC,0
2014,2,218,SHSC,0
2014,2,220,SHSC,0
2014,2,230,SHSC,0
2014,3,214,SHSC,0
2014,3,218,SHSC,0
2014,3,220,SHSC,0
2014,3,230,SHSC,0
2014,4,214,SHSC,0
2014,4,218,SHSC,0
2014,4,220,SHSC,0
2014,4,230,SHSC,0
2015,1,214,SHSC,0
2015,1,218,SHSC,0
2015,1,220,SHSC,0
2015,1,230,SHSC,0
2015,2,214,SHSC,0
2015,2,218,SHSC,0
2015,2,220,SHSC,0
2015,2,230,SHSC,0
2015,3,214,SHSC,0
2015,3,218,SHSC,0
2015,3,220,SHSC,0
2015,3,230,SHSC,0
2015,4,214,SHSC,0
2015,4,218,SHSC,0
2015,4,220,SHSC,0
2015,4,230,SHSC,0
2016,1,214,SHSC,0
2016,1,218,SHSC,0
2016,1,220,SHSC,0
2016,1,230,SHSC,0
2016,2,214,SHSC,0
2016,2,218,SHSC,0
2016,2,220,SHSC,0
2016,2,230,SHSC,0
2016,3,214,SHSC,0
2016,3,218,SHSC,0
2016,3,220,SHSC,0
2016,3,230,SHSC,0
2016,4,214,SHSC,0
2016,4,218,SHSC,0
2016,4,220,SHSC,0
2016,4,230,SHSC,0
2017,1,214,SHSC,0
2017,1,218,SHSC,0
2017,1,220,SHSC,0
2017,1,230,SHSC,0
2017,2,214,SHSC,0
2017,2,218,SHSC,0
2017,2,220,SHSC,0
2017,2,230,SHSC,1
2017,3,214,SHSC,0
2017,3,218,SHSC,0
2017,3,220,SHSC,0
2017,3,230,SHSC,0
2017,4,214,SHSC,0
2017,4,218,SHSC,0
2017,4,220,SHSC,0
2017,4,230,SHSC,0
2018,1,214,SHSC,0
2018,1,220,SHSC,0
2018,1,230,SHSC,0
2018,2,214,SHSC,0
2018,2,218,SHSC,0
2018,2,220,SHSC,0
2018,2,230,SHSC,0
2018,3,214,SHSC,0
2018,3,218,SHSC,0
2018,3,220,SHSC,0
2018,3,230,SHSC,0
2018,4,214,SHSC,0
2018,4,218,SHSC,0
2018,4,220,SHSC,0
2018,4,230,SHSC,0
2001,1,230,SLEB,0
2001,2,218,SLEB,0
2001,2,220,SLEB,0
2001,2,230,SLEB,0
2001,3,218,SLEB,0
2001,3,220,SLEB,0
2001,3,230,SLEB,0
2001,4,218,SLEB,0
2001,4,220,SLEB,0
2001,4,230,SLEB,0
2002,1,214,SLEB,0
2002,1,218,SLEB,0
2002,1,220,SLEB,0
2002,1,230,SLEB,0
2002,2,214,SLEB,0
2002,2,218,SLEB,0
2002,2,220,SLEB,0
2002,2,230,SLEB,0
2002,3,214,SLEB,0
2002,3,218,SLEB,0
2002,3,220,SLEB,0
2002,3,230,SLEB,0
2002,4,214,SLEB,0
2002,4,218,SLEB,0
2002,4,220,SLEB,0
2002,4,230,SLEB,0
2003,1,214,SLEB,0
2003,1,218,SLEB,0
2003,1,220,SLEB,0
2003,1,230,SLEB,0
2003,2,214,SLEB,0
2003,2,218,SLEB,0
2003,2,220,SLEB,0
2003,2,230,SLEB,0
2003,3,214,SLEB,0
2003,3,218,SLEB,0
2003,3,220,SLEB,0
2003,3,230,SLEB,0
2003,4,214,SLEB,0
2003,4,218,SLEB,0
2003,4,220,SLEB,0
2003,4,230,SLEB,0
2004,1,214,SLEB,0
2004,1,218,SLEB,0
2004,1,220,SLEB,0
2004,1,230,SLEB,0
2004,2,214,SLEB,0
2004,2,218,SLEB,0
2004,2,220,SLEB,0
2004,2,230,SLEB,0
2004,3,214,SLEB,0
2004,3,218,SLEB,0
2004,3,220,SLEB,0
2004,3,230,SLEB,0
2004,4,214,SLEB,0
2004,4,218,SLEB,0
2004,4,220,SLEB,0
2004,4,230,SLEB,0
2005,1,214,SLEB,0
2005,1,218,SLEB,0
2005,1,220,SLEB,0
2005,1,230,SLEB,0
2005,2,214,SLEB,0
2005,2,218,SLEB,0
2005,2,220,SLEB,0
2005,2,230,SLEB,0
2005,3,214,SLEB,0
2005,3,218,SLEB,0
2005,3,220,SLEB,0
2005,3,230,SLEB,0
2005,4,214,SLEB,0
2005,4,218,SLEB,0
2005,4,220,SLEB,0
2005,4,230,SLEB,0
2006,1,214,SLEB,0
2006,1,218,SLEB,0
2006,1,220,SLEB,0
2006,1,230,SLEB,0
2006,2,214,SLEB,0
2006,2,218,SLEB,0
2006,2,220,SLEB,0
2006,2,230,SLEB,0
2006,3,214,SLEB,0
2006,3,218,SLEB,0
2006,3,220,SLEB,0
2006,3,230,SLEB,0
2006,4,214,SLEB,0
2006,4,218,SLEB,0
2006,4,220,SLEB,0
2006,4,230,SLEB,0
2007,1,214,SLEB,0
2007,1,218,SLEB,0
2007,1,220,SLEB,0
2007,1,230,SLEB,0
2007,2,214,SLEB,0
2007,2,218,SLEB,0
2007,2,220,SLEB,0
2007,2,230,SLEB,0
2007,3,214,SLEB,0
2007,3,218,SLEB,0
2007,3,220,SLEB,0
2007,3,230,SLEB,0
2007,4,214,SLEB,0
2007,4,218,SLEB,0
2007,4,220,SLEB,0
2007,4,230,SLEB,0
2008,1,214,SLEB,0
2008,1,218,SLEB,0
2008,1,220,SLEB,0
2008,1,230,SLEB,0
2008,2,214,SLEB,0
2008,2,218,SLEB,0
2008,2,220,SLEB,0
2008,2,230,SLEB,0
2008,3,214,SLEB,0
2008,3,218,SLEB,0
2008,3,220,SLEB,0
2008,3,230,SLEB,0
2008,4,214,SLEB,0
2008,4,218,SLEB,0
2008,4,220,SLEB,0
2008,4,230,SLEB,0
2009,1,214,SLEB,0
2009,1,218,SLEB,0
2009,1,220,SLEB,0
2009,1,230,SLEB,0
2009,2,214,SLEB,0
2009,2,218,SLEB,0
2009,2,220,SLEB,0
2009,2,230,SLEB,0
2009,3,214,SLEB,0
2009,3,218,SLEB,0
2009,3,220,SLEB,0
2009,3,230,SLEB,0
2009,4,214,SLEB,0
2009,4,218,SLEB,0
2009,4,220,SLEB,0
2009,4,230,SLEB,0
2010,1,214,SLEB,0
2010,1,218,SLEB,0
2010,1,230,SLEB,0
2010,2,214,SLEB,0
2010,2,218,SLEB,0
2010,2,220,SLEB,0
2010,2,230,SLEB,0
2010,3,214,SLEB,0
2010,3,218,SLEB,0
2010,3,220,SLEB,0
2010,3,230,SLEB,0
2010,4,214,SLEB,0
2010,4,218,SLEB,0
2010,4,220,SLEB,0
2010,4,230,SLEB,0
2011,1,214,SLEB,0
2011,1,218,SLEB,0
2011,1,220,SLEB,0
2011,1,230,SLEB,0
2011,2,214,SLEB,0
2011,2,218,SLEB,0
2011,2,220,SLEB,1
2011,2,230,SLEB,0
2011,3,214,SLEB,0
2011,3,218,SLEB,0
2011,3,220,SLEB,0
2011,3,230,SLEB,0
2011,4,214,SLEB,0
2011,4,218,SLEB,0
2011,4,220,SLEB,0
2011,4,230,SLEB,0
2012,1,214,SLEB,0
2012,1,218,SLEB,0
2012,1,220,SLEB,0
2012,1,230,SLEB,0
2012,2,214,SLEB,0
2012,2,218,SLEB,0
2012,2,220,SLEB,0
2012,2,230,SLEB,0
2012,3,214,SLEB,0
2012,3,218,SLEB,0
2012,3,220,SLEB,0
2012,3,230,SLEB,0
2012,4,214,SLEB,0
2012,4,218,SLEB,0
2012,4,220,SLEB,0
2012,4,230,SLEB,0
2013,1,214,SLEB,0
2013,1,218,SLEB,0
2013,1,220,SLEB,0
2013,1,230,SLEB,0
2013,2,214,SLEB,0
2013,2,218,SLEB,0
2013,2,220,SLEB,0
2013,2,230,SLEB,0
2013,3,214,SLEB,0
2013,3,218,SLEB,0
2013,3,220,SLEB,0
2013,3,230,SLEB,1
2013,4,214,SLEB,0
2013,4,218,SLEB,0
2013,4,220,SLEB,0
2013,4,230,SLEB,0
2014,1,214,SLEB,0
2014,1,218,SLEB,0
2014,1,220,SLEB,0
2014,1,230,SLEB,0
2014,2,214,SLEB,0
2014,2,218,SLEB,0
2014,2,220,SLEB,0
2014,2,230,SLEB,0
2014,3,214,SLEB,0
2014,3,218,SLEB,0
2014,3,220,SLEB,0
2014,3,230,SLEB,0
2014,4,214,SLEB,0
2014,4,218,SLEB,0
2014,4,220,SLEB,0
2014,4,230,SLEB,0
2015,1,214,SLEB,0
2015,1,218,SLEB,0
2015,1,220,SLEB,0
2015,1,230,SLEB,0
2015,2,214,SLEB,0
2015,2,218,SLEB,0
2015,2,220,SLEB,0
2015,2,230,SLEB,0
2015,3,214,SLEB,0
2015,3,218,SLEB,0
2015,3,220,SLEB,0
2015,3,230,SLEB,0
2015,4,214,SLEB,0
2015,4,218,SLEB,0
2015,4,220,SLEB,0
2015,4,230,SLEB,0
2016,1,214,SLEB,0
2016,1,218,SLEB,0
2016,1,220,SLEB,0
2016,1,230,SLEB,0
2016,2,214,SLEB,0
2016,2,218,SLEB,0
2016,2,220,SLEB,0
2016,2,230,SLEB,0
2016,3,214,SLEB,0
2016,3,218,SLEB,0
2016,3,220,SLEB,0
2016,3,230,SLEB,0
2016,4,214,SLEB,0
2016,4,218,SLEB,0
2016,4,220,SLEB,0
2016,4,230,SLEB,0
2017,1,214,SLEB,0
2017,1,218,SLEB,0
2017,1,220,SLEB,0
2017,1,230,SLEB,0
2017,2,214,SLEB,0
2017,2,218,SLEB,0
2017,2,220,SLEB,0
2017,2,230,SLEB,0
2017,3,214,SLEB,0
2017,3,218,SLEB,0
2017,3,220,SLEB,0
2017,3,230,SLEB,0
2017,4,214,SLEB,0
2017,4,218,SLEB,0
2017,4,220,SLEB,0
2017,4,230,SLEB,0
2018,1,214,SLEB,0
2018,1,220,SLEB,0
2018,1,230,SLEB,0
2018,2,214,SLEB,0
2018,2,218,SLEB,0
2018,2,220,SLEB,0
2018,2,230,SLEB,0
2018,3,214,SLEB,0
2018,3,218,SLEB,0
2018,3,220,SLEB,0
2018,3,230,SLEB,0
2018,4,214,SLEB,0
2018,4,218,SLEB,0
2018,4,220,SLEB,0
2018,4,230,SLEB,0
2001,1,230,SLSC,0
2001,2,218,SLSC,0
2001,2,220,SLSC,0
2001,2,230,SLSC,0
2001,3,218,SLSC,0
2001,3,220,SLSC,0
2001,3,230,SLSC,0
2001,4,218,SLSC,0
2001,4,220,SLSC,0
2001,4,230,SLSC,0
2002,1,214,SLSC,0
2002,1,218,SLSC,0
2002,1,220,SLSC,0
2002,1,230,SLSC,0
2002,2,214,SLSC,0
2002,2,218,SLSC,0
2002,2,220,SLSC,0
2002,2,230,SLSC,0
2002,3,214,SLSC,0
2002,3,218,SLSC,0
2002,3,220,SLSC,0
2002,3,230,SLSC,0
2002,4,214,SLSC,0
2002,4,218,SLSC,0
2002,4,220,SLSC,0
2002,4,230,SLSC,0
2003,1,214,SLSC,0
2003,1,218,SLSC,0
2003,1,220,SLSC,0
2003,1,230,SLSC,0
2003,2,214,SLSC,0
2003,2,218,SLSC,0
2003,2,220,SLSC,0
2003,2,230,SLSC,0
2003,3,214,SLSC,0
2003,3,218,SLSC,0
2003,3,220,SLSC,0
2003,3,230,SLSC,0
2003,4,214,SLSC,0
2003,4,218,SLSC,0
2003,4,220,SLSC,0
2003,4,230,SLSC,0
2004,1,214,SLSC,0
2004,1,218,SLSC,0
2004,1,220,SLSC,0
2004,1,230,SLSC,0
2004,2,214,SLSC,0
2004,2,218,SLSC,0
2004,2,220,SLSC,0
2004,2,230,SLSC,0
2004,3,214,SLSC,0
2004,3,218,SLSC,0
2004,3,220,SLSC,0
2004,3,230,SLSC,0
2004,4,214,SLSC,0
2004,4,218,SLSC,0
2004,4,220,SLSC,0
2004,4,230,SLSC,0
2005,1,214,SLSC,0
2005,1,218,SLSC,0
2005,1,220,SLSC,0
2005,1,230,SLSC,0
2005,2,214,SLSC,0
2005,2,218,SLSC,0
2005,2,220,SLSC,0
2005,2,230,SLSC,0
2005,3,214,SLSC,0
2005,3,218,SLSC,0
2005,3,220,SLSC,0
2005,3,230,SLSC,0
2005,4,214,SLSC,0
2005,4,218,SLSC,0
2005,4,220,SLSC,0
2005,4,230,SLSC,0
2006,1,214,SLSC,0
2006,1,218,SLSC,0
2006,1,220,SLSC,0
2006,1,230,SLSC,0
2006,2,214,SLSC,0
2006,2,218,SLSC,0
2006,2,220,SLSC,0
2006,2,230,SLSC,0
2006,3,214,SLSC,0
2006,3,218,SLSC,0
2006,3,220,SLSC,0
2006,3,230,SLSC,0
2006,4,214,SLSC,0
2006,4,218,SLSC,0
2006,4,220,SLSC,0
2006,4,230,SLSC,0
2007,1,214,SLSC,0
2007,1,218,SLSC,0
2007,1,220,SLSC,0
2007,1,230,SLSC,0
2007,2,214,SLSC,0
2007,2,218,SLSC,0
2007,2,220,SLSC,0
2007,2,230,SLSC,0
2007,3,214,SLSC,0
2007,3,218,SLSC,0
2007,3,220,SLSC,0
2007,3,230,SLSC,0
2007,4,214,SLSC,0
2007,4,218,SLSC,0
2007,4,220,SLSC,0
2007,4,230,SLSC,0
2008,1,214,SLSC,0
2008,1,218,SLSC,0
2008,1,220,SLSC,0
2008,1,230,SLSC,0
2008,2,214,SLSC,0
2008,2,218,SLSC,0
2008,2,220,SLSC,0
2008,2,230,SLSC,0
2008,3,214,SLSC,0
2008,3,218,SLSC,0
2008,3,220,SLSC,0
2008,3,230,SLSC,0
2008,4,214,SLSC,0
2008,4,218,SLSC,0
2008,4,220,SLSC,0
2008,4,230,SLSC,0
2009,1,214,SLSC,0
2009,1,218,SLSC,0
2009,1,220,SLSC,0
2009,1,230,SLSC,0
2009,2,214,SLSC,0
2009,2,218,SLSC,0
2009,2,220,SLSC,0
2009,2,230,SLSC,0
2009,3,214,SLSC,0
2009,3,218,SLSC,0
2009,3,220,SLSC,0
2009,3,230,SLSC,0
2009,4,214,SLSC,0
2009,4,218,SLSC,0
2009,4,220,SLSC,0
2009,4,230,SLSC,0
2010,1,214,SLSC,0
2010,1,218,SLSC,0
2010,1,230,SLSC,0
2010,2,214,SLSC,0
2010,2,218,SLSC,0
2010,2,220,SLSC,0
2010,2,230,SLSC,0
2010,3,214,SLSC,0
2010,3,218,SLSC,0
2010,3,220,SLSC,0
2010,3,230,SLSC,0
2010,4,214,SLSC,0
2010,4,218,SLSC,0
2010,4,220,SLSC,0
2010,4,230,SLSC,0
2011,1,214,SLSC,0
2011,1,218,SLSC,0
2011,1,220,SLSC,0
2011,1,230,SLSC,0
2011,2,214,SLSC,0
2011,2,218,SLSC,0
2011,2,220,SLSC,0
2011,2,230,SLSC,0
2011,3,214,SLSC,0
2011,3,218,SLSC,0
2011,3,220,SLSC,0
2011,3,230,SLSC,0
2011,4,214,SLSC,0
2011,4,218,SLSC,0
2011,4,220,SLSC,0
2011,4,230,SLSC,0
2012,1,214,SLSC,0
2012,1,218,SLSC,0
2012,1,220,SLSC,0
2012,1,230,SLSC,0
2012,2,214,SLSC,0
2012,2,218,SLSC,0
2012,2,220,SLSC,0
2012,2,230,SLSC,0
2012,3,214,SLSC,0
2012,3,218,SLSC,0
2012,3,220,SLSC,0
2012,3,230,SLSC,0
2012,4,214,SLSC,0
2012,4,218,SLSC,0
2012,4,220,SLSC,0
2012,4,230,SLSC,0
2013,1,214,SLSC,0
2013,1,218,SLSC,0
2013,1,220,SLSC,0
2013,1,230,SLSC,0
2013,2,214,SLSC,0
2013,2,218,SLSC,0
2013,2,220,SLSC,0
2013,2,230,SLSC,0
2013,3,214,SLSC,0
2013,3,218,SLSC,0
2013,3,220,SLSC,0
2013,3,230,SLSC,0
2013,4,214,SLSC,0
2013,4,218,SLSC,0
2013,4,220,SLSC,0
2013,4,230,SLSC,0
2014,1,214,SLSC,0
2014,1,218,SLSC,0
2014,1,220,SLSC,0
2014,1,230,SLSC,0
2014,2,214,SLSC,0
2014,2,218,SLSC,0
2014,2,220,SLSC,0
2014,2,230,SLSC,0
2014,3,214,SLSC,0
2014,3,218,SLSC,0
2014,3,220,SLSC,0
2014,3,230,SLSC,0
2014,4,214,SLSC,0
2014,4,218,SLSC,0
2014,4,220,SLSC,0
2014,4,230,SLSC,0
2015,1,214,SLSC,0
2015,1,218,SLSC,0
2015,1,220,SLSC,0
2015,1,230,SLSC,0
2015,2,214,SLSC,0
2015,2,218,SLSC,0
2015,2,220,SLSC,1
2015,2,230,SLSC,0
2015,3,214,SLSC,0
2015,3,218,SLSC,0
2015,3,220,SLSC,0
2015,3,230,SLSC,0
2015,4,214,SLSC,0
2015,4,218,SLSC,0
2015,4,220,SLSC,0
2015,4,230,SLSC,0
2016,1,214,SLSC,0
2016,1,218,SLSC,0
2016,1,220,SLSC,0
2016,1,230,SLSC,0
2016,2,214,SLSC,0
2016,2,218,SLSC,0
2016,2,220,SLSC,1
2016,2,230,SLSC,0
2016,3,214,SLSC,0
2016,3,218,SLSC,0
2016,3,220,SLSC,0
2016,3,230,SLSC,0
2016,4,214,SLSC,1
2016,4,218,SLSC,1
2016,4,220,SLSC,0
2016,4,230,SLSC,0
2017,1,214,SLSC,0
2017,1,218,SLSC,0
2017,1,220,SLSC,0
2017,1,230,SLSC,0
2017,2,214,SLSC,0
2017,2,218,SLSC,0
2017,2,220,SLSC,0
2017,2,230,SLSC,0
2017,3,214,SLSC,0
2017,3,218,SLSC,0
2017,3,220,SLSC,0
2017,3,230,SLSC,0
2017,4,214,SLSC,0
2017,4,218,SLSC,0
2017,4,220,SLSC,0
2017,4,230,SLSC,0
2018,1,214,SLSC,0
2018,1,220,SLSC,0
2018,1,230,SLSC,0
2018,2,214,SLSC,0
2018,2,218,SLSC,0
2018,2,220,SLSC,0
2018,2,230,SLSC,0
2018,3,214,SLSC,0
2018,3,218,SLSC,0
2018,3,220,SLSC,0
2018,3,230,SLSC,0
2018,4,214,SLSC,0
2018,4,218,SLSC,0
2018,4,220,SLSC,1
2018,4,230,SLSC,0
2001,1,230,SOCK,0
2001,2,218,SOCK,0
2001,2,220,SOCK,0
2001,2,230,SOCK,0
2001,3,218,SOCK,0
2001,3,220,SOCK,0
2001,3,230,SOCK,0
2001,4,218,SOCK,0
2001,4,220,SOCK,0
2001,4,230,SOCK,0
2002,1,214,SOCK,0
2002,1,218,SOCK,0
2002,1,220,SOCK,0
2002,1,230,SOCK,0
2002,2,214,SOCK,0
2002,2,218,SOCK,0
2002,2,220,SOCK,0
2002,2,230,SOCK,0
2002,3,214,SOCK,0
2002,3,218,SOCK,0
2002,3,220,SOCK,0
2002,3,230,SOCK,0
2002,4,214,SOCK,0
2002,4,218,SOCK,0
2002,4,220,SOCK,0
2002,4,230,SOCK,0
2003,1,214,SOCK,0
2003,1,218,SOCK,0
2003,1,220,SOCK,0
2003,1,230,SOCK,0
2003,2,214,SOCK,0
2003,2,218,SOCK,0
2003,2,220,SOCK,0
2003,2,230,SOCK,0
2003,3,214,SOCK,0
2003,3,218,SOCK,0
2003,3,220,SOCK,0
2003,3,230,SOCK,0
2003,4,214,SOCK,0
2003,4,218,SOCK,0
2003,4,220,SOCK,0
2003,4,230,SOCK,0
2004,1,214,SOCK,0
2004,1,218,SOCK,0
2004,1,220,SOCK,0
2004,1,230,SOCK,0
2004,2,214,SOCK,0
2004,2,218,SOCK,0
2004,2,220,SOCK,0
2004,2,230,SOCK,0
2004,3,214,SOCK,0
2004,3,218,SOCK,0
2004,3,220,SOCK,0
2004,3,230,SOCK,0
2004,4,214,SOCK,0
2004,4,218,SOCK,0
2004,4,220,SOCK,0
2004,4,230,SOCK,0
2005,1,214,SOCK,0
2005,1,218,SOCK,0
2005,1,220,SOCK,0
2005,1,230,SOCK,0
2005,2,214,SOCK,0
2005,2,218,SOCK,0
2005,2,220,SOCK,0
2005,2,230,SOCK,0
2005,3,214,SOCK,0
2005,3,218,SOCK,0
2005,3,220,SOCK,0
2005,3,230,SOCK,0
2005,4,214,SOCK,0
2005,4,218,SOCK,0
2005,4,220,SOCK,0
2005,4,230,SOCK,0
2006,1,214,SOCK,0
2006,1,218,SOCK,0
2006,1,220,SOCK,0
2006,1,230,SOCK,0
2006,2,214,SOCK,0
2006,2,218,SOCK,0
2006,2,220,SOCK,0
2006,2,230,SOCK,0
2006,3,214,SOCK,0
2006,3,218,SOCK,0
2006,3,220,SOCK,0
2006,3,230,SOCK,0
2006,4,214,SOCK,0
2006,4,218,SOCK,0
2006,4,220,SOCK,0
2006,4,230,SOCK,0
2007,1,214,SOCK,0
2007,1,218,SOCK,0
2007,1,220,SOCK,0
2007,1,230,SOCK,0
2007,2,214,SOCK,0
2007,2,218,SOCK,0
2007,2,220,SOCK,0
2007,2,230,SOCK,0
2007,3,214,SOCK,0
2007,3,218,SOCK,0
2007,3,220,SOCK,0
2007,3,230,SOCK,0
2007,4,214,SOCK,0
2007,4,218,SOCK,0
2007,4,220,SOCK,0
2007,4,230,SOCK,0
2008,1,214,SOCK,0
2008,1,218,SOCK,0
2008,1,220,SOCK,0
2008,1,230,SOCK,0
2008,2,214,SOCK,0
2008,2,218,SOCK,0
2008,2,220,SOCK,0
2008,2,230,SOCK,0
2008,3,214,SOCK,0
2008,3,218,SOCK,0
2008,3,220,SOCK,0
2008,3,230,SOCK,0
2008,4,214,SOCK,0
2008,4,218,SOCK,0
2008,4,220,SOCK,0
2008,4,230,SOCK,0
2009,1,214,SOCK,0
2009,1,218,SOCK,0
2009,1,220,SOCK,0
2009,1,230,SOCK,0
2009,2,214,SOCK,0
2009,2,218,SOCK,0
2009,2,220,SOCK,0
2009,2,230,SOCK,0
2009,3,214,SOCK,0
2009,3,218,SOCK,0
2009,3,220,SOCK,0
2009,3,230,SOCK,0
2009,4,214,SOCK,0
2009,4,218,SOCK,0
2009,4,220,SOCK,0
2009,4,230,SOCK,0
2010,1,214,SOCK,0
2010,1,218,SOCK,0
2010,1,230,SOCK,0
2010,2,214,SOCK,0
2010,2,218,SOCK,0
2010,2,220,SOCK,0
2010,2,230,SOCK,0
2010,3,214,SOCK,0
2010,3,218,SOCK,0
2010,3,220,SOCK,0
2010,3,230,SOCK,0
2010,4,214,SOCK,0
2010,4,218,SOCK,0
2010,4,220,SOCK,0
2010,4,230,SOCK,0
2011,1,214,SOCK,0
2011,1,218,SOCK,0
2011,1,220,SOCK,0
2011,1,230,SOCK,0
2011,2,214,SOCK,0
2011,2,218,SOCK,0
2011,2,220,SOCK,0
2011,2,230,SOCK,0
2011,3,214,SOCK,0
2011,3,218,SOCK,0
2011,3,220,SOCK,0
2011,3,230,SOCK,0
2011,4,214,SOCK,0
2011,4,218,SOCK,0
2011,4,220,SOCK,0
2011,4,230,SOCK,0
2012,1,214,SOCK,0
2012,1,218,SOCK,0
2012,1,220,SOCK,0
2012,1,230,SOCK,0
2012,2,214,SOCK,0
2012,2,218,SOCK,0
2012,2,220,SOCK,0
2012,2,230,SOCK,0
2012,3,214,SOCK,0
2012,3,218,SOCK,0
2012,3,220,SOCK,0
2012,3,230,SOCK,0
2012,4,214,SOCK,0
2012,4,218,SOCK,0
2012,4,220,SOCK,0
2012,4,230,SOCK,0
2013,1,214,SOCK,0
2013,1,218,SOCK,0
2013,1,220,SOCK,0
2013,1,230,SOCK,0
2013,2,214,SOCK,0
2013,2,218,SOCK,0
2013,2,220,SOCK,0
2013,2,230,SOCK,0
2013,3,214,SOCK,0
2013,3,218,SOCK,0
2013,3,220,SOCK,0
2013,3,230,SOCK,0
2013,4,214,SOCK,0
2013,4,218,SOCK,0
2013,4,220,SOCK,0
2013,4,230,SOCK,0
2014,1,214,SOCK,0
2014,1,218,SOCK,0
2014,1,220,SOCK,0
2014,1,230,SOCK,0
2014,2,214,SOCK,0
2014,2,218,SOCK,0
2014,2,220,SOCK,0
2014,2,230,SOCK,0
2014,3,214,SOCK,0
2014,3,218,SOCK,0
2014,3,220,SOCK,0
2014,3,230,SOCK,0
2014,4,214,SOCK,0
2014,4,218,SOCK,0
2014,4,220,SOCK,0
2014,4,230,SOCK,0
2015,1,214,SOCK,0
2015,1,218,SOCK,0
2015,1,220,SOCK,0
2015,1,230,SOCK,0
2015,2,214,SOCK,0
2015,2,218,SOCK,0
2015,2,220,SOCK,0
2015,2,230,SOCK,0
2015,3,214,SOCK,0
2015,3,218,SOCK,0
2015,3,220,SOCK,0
2015,3,230,SOCK,0
2015,4,214,SOCK,0
2015,4,218,SOCK,0
2015,4,220,SOCK,0
2015,4,230,SOCK,0
2016,1,214,SOCK,0
2016,1,218,SOCK,0
2016,1,220,SOCK,0
2016,1,230,SOCK,0
2016,2,214,SOCK,0
2016,2,218,SOCK,0
2016,2,220,SOCK,0
2016,2,230,SOCK,0
2016,3,214,SOCK,0
2016,3,218,SOCK,0
2016,3,220,SOCK,0
2016,3,230,SOCK,0
2016,4,214,SOCK,0
2016,4,218,SOCK,0
2016,4,220,SOCK,0
2016,4,230,SOCK,0
2017,1,214,SOCK,0
2017,1,218,SOCK,0
2017,1,220,SOCK,0
2017,1,230,SOCK,0
2017,2,214,SOCK,0
2017,2,218,SOCK,0
2017,2,220,SOCK,0
2017,2,230,SOCK,0
2017,3,214,SOCK,0
2017,3,218,SOCK,0
2017,3,220,SOCK,0
2017,3,230,SOCK,0
2017,4,214,SOCK,0
2017,4,218,SOCK,0
2017,4,220,SOCK,1
2017,4,230,SOCK,0
2018,1,214,SOCK,0
2018,1,220,SOCK,0
2018,1,230,SOCK,0
2018,2,214,SOCK,0
2018,2,218,SOCK,0
2018,2,220,SOCK,0
2018,2,230,SOCK,0
2018,3,214,SOCK,0
2018,3,218,SOCK,0
2018,3,220,SOCK,0
2018,3,230,SOCK,0
2018,4,214,SOCK,0
2018,4,218,SOCK,0
2018,4,220,SOCK,0
2018,4,230,SOCK,0
2001,1,230,WOLF,0
2001,2,218,WOLF,0
2001,2,220,WOLF,0
2001,2,230,WOLF,0
2001,3,218,WOLF,0
2001,3,220,WOLF,0
2001,3,230,WOLF,0
2001,4,218,WOLF,0
2001,4,220,WOLF,0
2001,4,230,WOLF,0
2002,1,214,WOLF,0
2002,1,218,WOLF,0
2002,1,220,WOLF,0
2002,1,230,WOLF,0
2002,2,214,WOLF,0
2002,2,218,WOLF,0
2002,2,220,WOLF,0
2002,2,230,WOLF,0
2002,3,214,WOLF,0
2002,3,218,WOLF,0
2002,3,220,WOLF,0
2002,3,230,WOLF,0
2002,4,214,WOLF,0
2002,4,218,WOLF,0
2002,4,220,WOLF,0
2002,4,230,WOLF,0
2003,1,214,WOLF,0
2003,1,218,WOLF,0
2003,1,220,WOLF,0
2003,1,230,WOLF,0
2003,2,214,WOLF,0
2003,2,218,WOLF,0
2003,2,220,WOLF,0
2003,2,230,WOLF,0
2003,3,214,WOLF,0
2003,3,218,WOLF,0
2003,3,220,WOLF,0
2003,3,230,WOLF,0
2003,4,214,WOLF,0
2003,4,218,WOLF,0
2003,4,220,WOLF,0
2003,4,230,WOLF,0
2004,1,214,WOLF,0
2004,1,218,WOLF,0
2004,1,220,WOLF,0
2004,1,230,WOLF,0
2004,2,214,WOLF,0
2004,2,218,WOLF,0
2004,2,220,WOLF,0
2004,2,230,WOLF,0
2004,3,214,WOLF,1
2004,3,218,WOLF,0
2004,3,220,WOLF,0
2004,3,230,WOLF,0
2004,4,214,WOLF,0
2004,4,218,WOLF,0
2004,4,220,WOLF,0
2004,4,230,WOLF,0
2005,1,214,WOLF,0
2005,1,218,WOLF,0
2005,1,220,WOLF,0
2005,1,230,WOLF,0
2005,2,214,WOLF,0
2005,2,218,WOLF,0
2005,2,220,WOLF,0
2005,2,230,WOLF,0
2005,3,214,WOLF,0
2005,3,218,WOLF,0
2005,3,220,WOLF,0
2005,3,230,WOLF,0
2005,4,214,WOLF,0
2005,4,218,WOLF,0
2005,4,220,WOLF,0
2005,4,230,WOLF,0
2006,1,214,WOLF,0
2006,1,218,WOLF,0
2006,1,220,WOLF,0
2006,1,230,WOLF,0
2006,2,214,WOLF,0
2006,2,218,WOLF,0
2006,2,220,WOLF,0
2006,2,230,WOLF,0
2006,3,214,WOLF,0
2006,3,218,WOLF,0
2006,3,220,WOLF,0
2006,3,230,WOLF,0
2006,4,214,WOLF,0
2006,4,218,WOLF,0
2006,4,220,WOLF,0
2006,4,230,WOLF,0
2007,1,214,WOLF,0
2007,1,218,WOLF,0
2007,1,220,WOLF,0
2007,1,230,WOLF,0
2007,2,214,WOLF,0
2007,2,218,WOLF,0
2007,2,220,WOLF,0
2007,2,230,WOLF,0
2007,3,214,WOLF,0
2007,3,218,WOLF,0
2007,3,220,WOLF,0
2007,3,230,WOLF,0
2007,4,214,WOLF,0
2007,4,218,WOLF,0
2007,4,220,WOLF,0
2007,4,230,WOLF,0
2008,1,214,WOLF,0
2008,1,218,WOLF,0
2008,1,220,WOLF,0
2008,1,230,WOLF,0
2008,2,214,WOLF,0
2008,2,218,WOLF,0
2008,2,220,WOLF,0
2008,2,230,WOLF,0
2008,3,214,WOLF,0
2008,3,218,WOLF,0
2008,3,220,WOLF,0
2008,3,230,WOLF,0
2008,4,214,WOLF,0
2008,4,218,WOLF,0
2008,4,220,WOLF,0
2008,4,230,WOLF,0
2009,1,214,WOLF,0
2009,1,218,WOLF,0
2009,1,220,WOLF,0
2009,1,230,WOLF,0
2009,2,214,WOLF,0
2009,2,218,WOLF,0
2009,2,220,WOLF,0
2009,2,230,WOLF,0
2009,3,214,WOLF,0
2009,3,218,WOLF,0
2009,3,220,WOLF,0
2009,3,230,WOLF,0
2009,4,214,WOLF,0
2009,4,218,WOLF,0
2009,4,220,WOLF,1
2009,4,230,WOLF,0
2010,1,214,WOLF,0
2010,1,218,WOLF,0
2010,1,230,WOLF,0
2010,2,214,WOLF,0
2010,2,218,WOLF,0
2010,2,220,WOLF,0
2010,2,230,WOLF,0
2010,3,214,WOLF,0
2010,3,218,WOLF,0
2010,3,220,WOLF,0
2010,3,230,WOLF,0
2010,4,214,WOLF,0
2010,4,218,WOLF,0
2010,4,220,WOLF,0
2010,4,230,WOLF,0
2011,1,214,WOLF,0
2011,1,218,WOLF,0
2011,1,220,WOLF,0
2011,1,230,WOLF,0
2011,2,214,WOLF,0
2011,2,218,WOLF,0
2011,2,220,WOLF,0
2011,2,230,WOLF,0
2011,3,214,WOLF,0
2011,3,218,WOLF,0
2011,3,220,WOLF,0
2011,3,230,WOLF,0
2011,4,214,WOLF,0
2011,4,218,WOLF,0
2011,4,220,WOLF,0
2011,4,230,WOLF,0
2012,1,214,WOLF,0
2012,1,218,WOLF,0
2012,1,220,WOLF,0
2012,1,230,WOLF,0
2012,2,214,WOLF,0
2012,2,218,WOLF,0
2012,2,220,WOLF,0
2012,2,230,WOLF,0
2012,3,214,WOLF,0
2012,3,218,WOLF,0
2012,3,220,WOLF,0
2012,3,230,WOLF,0
2012,4,214,WOLF,0
2012,4,218,WOLF,0
2012,4,220,WOLF,0
2012,4,230,WOLF,0
2013,1,214,WOLF,0
2013,1,218,WOLF,0
2013,1,220,WOLF,0
2013,1,230,WOLF,0
2013,2,214,WOLF,0
2013,2,218,WOLF,0
2013,2,220,WOLF,0
2013,2,230,WOLF,0
2013,3,214,WOLF,0
2013,3,218,WOLF,0
2013,3,220,WOLF,0
2013,3,230,WOLF,0
2013,4,214,WOLF,0
2013,4,218,WOLF,1
2013,4,220,WOLF,0
2013,4,230,WOLF,0
2014,1,214,WOLF,0
2014,1,218,WOLF,0
2014,1,220,WOLF,0
2014,1,230,WOLF,0
2014,2,214,WOLF,0
2014,2,218,WOLF,0
2014,2,220,WOLF,0
2014,2,230,WOLF,0
2014,3,214,WOLF,0
2014,3,218,WOLF,0
2014,3,220,WOLF,0
2014,3,230,WOLF,0
2014,4,214,WOLF,0
2014,4,218,WOLF,0
2014,4,220,WOLF,0
2014,4,230,WOLF,0
2015,1,214,WOLF,0
2015,1,218,WOLF,0
2015,1,220,WOLF,0
2015,1,230,WOLF,0
2015,2,214,WOLF,0
2015,2,218,WOLF,0
2015,2,220,WOLF,0
2015,2,230,WOLF,0
2015,3,214,WOLF,0
2015,3,218,WOLF,0
2015,3,220,WOLF,0
2015,3,230,WOLF,0
2015,4,214,WOLF,0
2015,4,218,WOLF,0
2015,4,220,WOLF,0
2015,4,230,WOLF,0
2016,1,214,WOLF,0
2016,1,218,WOLF,0
2016,1,220,WOLF,0
2016,1,230,WOLF,0
2016,2,214,WOLF,0
2016,2,218,WOLF,0
2016,2,220,WOLF,0
2016,2,230,WOLF,0
2016,3,214,WOLF,0
2016,3,218,WOLF,0
2016,3,220,WOLF,0
2016,3,230,WOLF,0
2016,4,214,WOLF,0
2016,4,218,WOLF,0
2016,4,220,WOLF,0
2016,4,230,WOLF,0
2017,1,214,WOLF,0
2017,1,218,WOLF,0
2017,1,220,WOLF,0
2017,1,230,WOLF,0
2017,2,214,WOLF,0
2017,2,218,WOLF,0
2017,2,220,WOLF,0
2017,2,230,WOLF,0
2017,3,214,WOLF,0
2017,3,218,WOLF,0
2017,3,220,WOLF,0
2017,3,230,WOLF,0
2017,4,214,WOLF,0
2017,4,218,WOLF,0
2017,4,220,WOLF,0
2017,4,230,WOLF,0
2018,1,214,WOLF,0
2018,1,220,WOLF,0
2018,1,230,WOLF,0
2018,2,214,WOLF,0
2018,2,218,WOLF,0
2018,2,220,WOLF,0
2018,2,230,WOLF,0
2018,3,214,WOLF,0
2018,3,218,WOLF,0
2018,3,220,WOLF,0
2018,3,230,WOLF,0
2018,4,214,WOLF,0
2018,4,218,WOLF,0
2018,4,220,WOLF,0
2018,4,230,WOLF,0
2001,1,230,WSGL,0
2001,2,218,WSGL,0
2001,2,220,WSGL,0
2001,2,230,WSGL,0
2001,3,218,WSGL,0
2001,3,220,WSGL,0
2001,3,230,WSGL,0
2001,4,218,WSGL,0
2001,4,220,WSGL,0
2001,4,230,WSGL,0
2002,1,214,WSGL,0
2002,1,218,WSGL,0
2002,1,220,WSGL,0
2002,1,230,WSGL,0
2002,2,214,WSGL,0
2002,2,218,WSGL,0
2002,2,220,WSGL,0
2002,2,230,WSGL,0
2002,3,214,WSGL,0
2002,3,218,WSGL,0
2002,3,220,WSGL,0
2002,3,230,WSGL,0
2002,4,214,WSGL,0
2002,4,218,WSGL,0
2002,4,220,WSGL,0
2002,4,230,WSGL,0
2003,1,214,WSGL,0
2003,1,218,WSGL,0
2003,1,220,WSGL,0
2003,1,230,WSGL,0
2003,2,214,WSGL,0
2003,2,218,WSGL,0
2003,2,220,WSGL,0
2003,2,230,WSGL,0
2003,3,214,WSGL,0
2003,3,218,WSGL,0
2003,3,220,WSGL,0
2003,3,230,WSGL,0
2003,4,214,WSGL,0
2003,4,218,WSGL,0
2003,4,220,WSGL,0
2003,4,230,WSGL,0
2004,1,214,WSGL,0
2004,1,218,WSGL,0
2004,1,220,WSGL,0
2004,1,230,WSGL,0
2004,2,214,WSGL,0
2004,2,218,WSGL,0
2004,2,220,WSGL,0
2004,2,230,WSGL,0
2004,3,214,WSGL,0
2004,3,218,WSGL,0
2004,3,220,WSGL,0
2004,3,230,WSGL,0
2004,4,214,WSGL,0
2004,4,218,WSGL,0
2004,4,220,WSGL,0
2004,4,230,WSGL,0
2005,1,214,WSGL,0
2005,1,218,WSGL,0
2005,1,220,WSGL,0
2005,1,230,WSGL,0
2005,2,214,WSGL,0
2005,2,218,WSGL,0
2005,2,220,WSGL,0
2005,2,230,WSGL,0
2005,3,214,WSGL,0
2005,3,218,WSGL,0
2005,3,220,WSGL,0
2005,3,230,WSGL,0
2005,4,214,WSGL,0
2005,4,218,WSGL,0
2005,4,220,WSGL,0
2005,4,230,WSGL,0
2006,1,214,WSGL,0
2006,1,218,WSGL,0
2006,1,220,WSGL,0
2006,1,230,WSGL,0
2006,2,214,WSGL,0
2006,2,218,WSGL,0
2006,2,220,WSGL,0
2006,2,230,WSGL,0
2006,3,214,WSGL,0
2006,3,218,WSGL,0
2006,3,220,WSGL,0
2006,3,230,WSGL,0
2006,4,214,WSGL,0
2006,4,218,WSGL,0
2006,4,220,WSGL,0
2006,4,230,WSGL,0
2007,1,214,WSGL,0
2007,1,218,WSGL,0
2007,1,220,WSGL,0
2007,1,230,WSGL,0
2007,2,214,WSGL,0
2007,2,218,WSGL,0
2007,2,220,WSGL,0
2007,2,230,WSGL,0
2007,3,214,WSGL,0
2007,3,218,WSGL,0
2007,3,220,WSGL,0
2007,3,230,WSGL,0
2007,4,214,WSGL,0
2007,4,218,WSGL,0
2007,4,220,WSGL,0
2007,4,230,WSGL,0
2008,1,214,WSGL,0
2008,1,218,WSGL,0
2008,1,220,WSGL,0
2008,1,230,WSGL,0
2008,2,214,WSGL,0
2008,2,218,WSGL,0
2008,2,220,WSGL,0
2008,2,230,WSGL,0
2008,3,214,WSGL,0
2008,3,218,WSGL,0
2008,3,220,WSGL,0
2008,3,230,WSGL,0
2008,4,214,WSGL,0
2008,4,218,WSGL,0
2008,4,220,WSGL,0
2008,4,230,WSGL,0
2009,1,214,WSGL,0
2009,1,218,WSGL,0
2009,1,220,WSGL,0
2009,1,230,WSGL,0
2009,2,214,WSGL,0
2009,2,218,WSGL,0
2009,2,220,WSGL,0
2009,2,230,WSGL,0
2009,3,214,WSGL,0
2009,3,218,WSGL,0
2009,3,220,WSGL,0
2009,3,230,WSGL,0
2009,4,214,WSGL,0
2009,4,218,WSGL,0
2009,4,220,WSGL,0
2009,4,230,WSGL,0
2010,1,214,WSGL,0
2010,1,218,WSGL,0
2010,1,230,WSGL,0
2010,2,214,WSGL,0
2010,2,218,WSGL,0
2010,2,220,WSGL,0
2010,2,230,WSGL,0
2010,3,214,WSGL,0
2010,3,218,WSGL,0
2010,3,220,WSGL,0
2010,3,230,WSGL,0
2010,4,214,WSGL,0
2010,4,218,WSGL,0
2010,4,220,WSGL,0
2010,4,230,WSGL,0
2011,1,214,WSGL,0
2011,1,218,WSGL,0
2011,1,220,WSGL,0
2011,1,230,WSGL,0
2011,2,214,WSGL,0
2011,2,218,WSGL,0
2011,2,220,WSGL,0
2011,2,230,WSGL,0
2011,3,214,WSGL,0
2011,3,218,WSGL,0
2011,3,220,WSGL,0
2011,3,230,WSGL,0
2011,4,214,WSGL,0
2011,4,218,WSGL,0
2011,4,220,WSGL,0
2011,4,230,WSGL,0
2012,1,214,WSGL,0
2012,1,218,WSGL,0
2012,1,220,WSGL,0
2012,1,230,WSGL,0
2012,2,214,WSGL,0
2012,2,218,WSGL,0
2012,2,220,WSGL,0
2012,2,230,WSGL,0
2012,3,214,WSGL,0
2012,3,218,WSGL,0
2012,3,220,WSGL,0
2012,3,230,WSGL,0
2012,4,214,WSGL,0
2012,4,218,WSGL,0
2012,4,220,WSGL,0
2012,4,230,WSGL,0
2013,1,214,WSGL,0
2013,1,218,WSGL,0
2013,1,220,WSGL,0
2013,1,230,WSGL,0
2013,2,214,WSGL,0
2013,2,218,WSGL,0
2013,2,220,WSGL,0
2013,2,230,WSGL,0
2013,3,214,WSGL,0
2013,3,218,WSGL,0
2013,3,220,WSGL,0
2013,3,230,WSGL,0
2013,4,214,WSGL,0
2013,4,218,WSGL,0
2013,4,220,WSGL,0
2013,4,230,WSGL,0
2014,1,214,WSGL,0
2014,1,218,WSGL,0
2014,1,220,WSGL,0
2014,1,230,WSGL,0
2014,2,214,WSGL,0
2014,2,218,WSGL,0
2014,2,220,WSGL,0
2014,2,230,WSGL,0
2014,3,214,WSGL,0
2014,3,218,WSGL,0
2014,3,220,WSGL,0
2014,3,230,WSGL,0
2014,4,214,WSGL,0
2014,4,218,WSGL,0
2014,4,220,WSGL,0
2014,4,230,WSGL,0
2015,1,214,WSGL,0
2015,1,218,WSGL,0
2015,1,220,WSGL,0
2015,1,230,WSGL,0
2015,2,214,WSGL,0
2015,2,218,WSGL,0
2015,2,220,WSGL,0
2015,2,230,WSGL,0
2015,3,214,WSGL,0
2015,3,218,WSGL,0
2015,3,220,WSGL,0
2015,3,230,WSGL,0
2015,4,214,WSGL,0
2015,4,218,WSGL,0
2015,4,220,WSGL,0
2015,4,230,WSGL,0
2016,1,214,WSGL,0
2016,1,218,WSGL,0
2016,1,220,WSGL,0
2016,1,230,WSGL,0
2016,2,214,WSGL,0
2016,2,218,WSGL,0
2016,2,220,WSGL,0
2016,2,230,WSGL,0
2016,3,214,WSGL,0
2016,3,218,WSGL,0
2016,3,220,WSGL,0
2016,3,230,WSGL,0
2016,4,214,WSGL,0
2016,4,218,WSGL,0
2016,4,220,WSGL,0
2016,4,230,WSGL,0
2017,1,214,WSGL,0
2017,1,218,WSGL,0
2017,1,220,WSGL,0
2017,1,230,WSGL,0
2017,2,214,WSGL,0
2017,2,218,WSGL,0
2017,2,220,WSGL,0
2017,2,230,WSGL,0
2017,3,214,WSGL,0
2017,3,218,WSGL,0
2017,3,220,WSGL,0
2017,3,230,WSGL,0
2017,4,214,WSGL,0
2017,4,218,WSGL,0
2017,4,220,WSGL,1
2017,4,230,WSGL,0
2018,1,214,WSGL,0
2018,1,220,WSGL,0
2018,1,230,WSGL,0
2018,2,214,WSGL,0
2018,2,218,WSGL,0
2018,2,220,WSGL,0
2018,2,230,WSGL,0
2018,3,214,WSGL,0
2018,3,218,WSGL,0
2018,3,220,WSGL,0
2018,3,230,WSGL,0
2018,4,214,WSGL,0
2018,4,218,WSGL,0
2018,4,220,WSGL,0
2018,4,230,WSGL,0
